id,text,language,category,is_synthetic
1,हमारे गांव के स्कूल में शिक्षक नहीं आते,hi,Education,False
2,Farmers are not receiving fertilizer,en,Agriculture,False
3,hospital mein doctor available nahi hai,hinglish,Healthcare,False
4,गांव में पीने का पानी नहीं है,hi,Water Resources,False
5,There is too much garbage near our village,en,Environment,False
6,हमारे इलाके में रोज बिजली कट जाती है,hi,Energy,False
7,गांव की मुख्य सड़क पर बहुत बड़े गड्ढे हैं,hi,Urban Development,False
8,सरकारी भवन में wheelchair के लिए ramp नहीं है,hinglish,Accessibility,False
9,मेरा सरकारी प्रमाणपत्र कई दिनों से लंबित है,hi,Public Administration,False
10,गांव में रोजगार के अवसर नहीं हैं,hi,Rural Livelihoods,False
11,मेरे गांव की सड़क बारिश के बाद पूरी तरह खराब हो गई है,hi,Urban Development,False
12,hospital mein emergency ke time doctor available nahi tha,hinglish,Healthcare,False
13,Farmers in our area are facing problems getting seeds,en,Agriculture,False
14,हमारे स्कूल में पिछले तीन महीने से विज्ञान शिक्षक नहीं हैं,hi,Education,False
15,gaon mein transformer kharab hone ki wajah se light nahi hai,hinglish,Energy,False
16,सरकारी कार्यालय में मेरा जाति प्रमाणपत्र अभी तक नहीं बना,hi,Public Administration,False
17,There is no accessible entrance for wheelchair users,en,Accessibility,False
18,हमारे गांव के पास कचरा खुले में जलाया जा रहा है,hi,Environment,False
19,पानी की पाइपलाइन कई जगह से टूट गई है,hi,Water Resources,False
20,महिलाओं के लिए गांव में रोजगार के अवसर बहुत कम हैं,hi,Rural Livelihoods,False
21,there is no option to download birth certificate very BAD... they say online but nothing is there....,en,Public Administration,False
22,या ऐप मुलं सरकारी काम सुरत झाले आहेत,hi,Public Administration,False
23,my bmc app is of no use. It never gives details of water bills. wrost service.,en,Water Resources,False
24,"App is as corrupt as BMC officials and corporators, doesnt work at all",en,Public Administration,False
25,Water bill is not showing on dashboard from 3 months please help service is enable soon,en,Water Resources,False
26,how can I get the life certificate,en,Public Administration,False
27,I didn't find any details regarding BMC schools and education department in BMC.,en,Education,False
28,I am retired employee and I want to see my life certificate submitted status but I after entering my E.C. app not showing details or any message. Balkrishna Bhogate Retd. Asst. Engg. MCGM,hinglish,Public Administration,False
29,Worst experience. App is not able to recognize the Water Bill CCN number despite various attempts.,en,Water Resources,False
30,Pathetic app won't be able to register my self for water bill from last 3 months even no options are available if is there any issue,en,Water Resources,False
31,Worst app first took a week time to get register after that it is not accepting the correct CNN to view water bills.....bad app,en,Water Resources,False
32,My potholes ap is pathetic. Not a user friendly. You can not complaint.,en,Urban Development,False
33,Not able to view water bills,en,Water Resources,False
34,Unable to pay water bill,en,Water Resources,False
35,Unable to add CCN no for water bill. Credentials for water bill disappeared.,en,Water Resources,False
36,No proper guide . I want to see water bill as a secratary of my society but no proper guide in app. 3 rd class experience,en,Water Resources,False
37,"CCN for water bills not showing. When trying to register, it says CCN already exists",en,Water Resources,False
38,Kya bakwas chalu hai iss app me ek sirf water bill k liye use karti hu wo bhi nahi chal raha dhang se Bmc ka koi bhi kaam na office me time se hota hai na app se 😡😡😡😡,hinglish,Water Resources,False
39,Water bill payment is having problem most of the time,en,Water Resources,False
40,"Their is option to complaint about services provided by BMC,Water meter, Garbage removal pending,Road issues etc.",en,Environment,False
41,How to apply for birth certificate on line,en,Public Administration,False
42,Doesn't work . BMC is sitting on pile of cash but they don't want to hire professionals for this type of work. Totally unacceptable. Corrupt system...,en,Public Administration,False
43,No space to complaint against mcgm pay and park contractor near Leelavati hospital. He is charging extra than written on the board.,en,Healthcare,False
44,"CCN number not accept in water bill resister. I have try more than 10 times, but can't resister my CCN. I have also try my neighbors CCN, but same issue. After uploading app, now working good.",en,Water Resources,False
45,"The app does not have an option to download death certificate and birth certificate online,I think that can be incorporated in the next update of the app",en,Public Administration,False
46,Water bill is not downloading,en,Water Resources,False
47,App is very useful for us like senior citizens for any information and online payments of BMC WATER BILL. Also for history of payments.,en,Water Resources,False
48,very good experience. prompt attention of my complaint regarding dumped garbage. Thanks to officers involved.,en,Environment,False
49,No any action against Hawkers. Corrupt BMC,en,Public Administration,False
50,water bill receipt are not viewing hope that glitch will get recover other wise app is good,en,Water Resources,False
51,I couldn't pay my water bill through online. Bcos I have an account in icici bank. Kindly add . I had a very bad experience about this app.,en,Water Resources,False
52,No certificates are issued thru app,en,Public Administration,False
53,"Some fields in information are blank e.g.Date of retirement. Then there's no provision to edit/update information. Now for few days the fields pension slip, certificate are blank and one cannot fill any search there.",en,Public Administration,False
54,C.l buht se teacher ki sahi show nhi kar raha hai. Or EL bhi,hinglish,Education,False
55,Not able to download water Bill on app as well as on app... solve this issue..,en,Water Resources,False
56,Incomplete app..offline ward F madhe..birth certificate. Kadanare corruption loka ahe .Krishan ani office boy kaka,en,Public Administration,False
57,Water bill gantate hotat tyache update Remaind nahi yet app madhe please update every month like mseb,hinglish,Water Resources,False
58,Nést app fór watçhíñg water bill&payment,en,Water Resources,False
59,"Water bill previously list no showing.... Need to improve.. Payment mode is less(my bank is not showing, also no gpay, phonepe and paytm option not available)",en,Water Resources,False
60,Water bill section is faulty. 4 times used different password but of no use.,en,Water Resources,False
61,New update is Good.Please update UPI/BHIM PAYMENTS OPTION FOR water bill and bill payment . Thank you..,en,Water Resources,False
62,सरकार और सरकारी काम दोनों बड़े ढीले है..!!,hi,Public Administration,False
63,This is the perfect examplr how mumbai bmc is working...full of corruption.... Useless....,en,Public Administration,False
64,Worst app...not able to check my water bill or pay..,en,Water Resources,False
65,It is not worth to give half star also..but without giving i cant post..i am trying dis app from last 8 months..it is still under maintenance..same like road Potholes..,en,Urban Development,False
66,Water bill section not working every time showing service under maintenance,en,Water Resources,False
67,I think it is student's mini project they are using as App...Very bad app.,en,Education,False
68,gread less app it is .i m trying to out water bill but it always show d server issue wheather using at night also .new commisnor didnt work on this,en,Water Resources,False
69,Worst. Above last 18 months its water bill service under maintenance😤😤,en,Water Resources,False
70,Worst app...always shows no server available..why they don't tie up with with other payments app which will make water bill payment easier,en,Water Resources,False
71,No use to pay water bill,en,Water Resources,False
72,Should add option of birth n death certificate download,en,Public Administration,False
73,Transcation karun hi Ani account madhun amount cut zali Ani lagech session times exceeded Google pay var MCGM water bill payment chalu kara,hinglish,Water Resources,False
74,"Tried to pay my water bill but getting an error ""Service under maintenance"". It's been quite a long time I am getting this error.",en,Water Resources,False
75,Wheres ccn number on water bills.i cant access my water bill,en,Water Resources,False
76,V. Poor- services mcgm wake up for online water bill pay or give authority permission other payment APPS. Always you are sorry for inconvenience or under maintenance. When your system will work.,en,Water Resources,False
77,Service pichle 6month se under mentance hai water bill mil Nahi Raha kya Kar Rahe samjh Nahi araha hai,hinglish,Water Resources,False
78,"Application is useless I want register my water bill in apps But message occured ""under maintenance"" Please resolved this as erliest",en,Water Resources,False
79,"Trying to pay water bill since many months, but getting the error ""service under maintenance, sorry for inconvenience"" 4 months since this review, issue still persists.",en,Water Resources,False
80,When I go to register my water bill ccn still says service under maintenance sorry for inconvenience.,en,Water Resources,False
81,Lodged complaints for contaminated water supply thrice. Always my address was registered incorrect despite me providing the details clear and twice !!! Otherwise the app works fine for me.,en,Water Resources,False
82,"It donot register property tax number, trying since one week Application seems will only work when we will bribe like BMC:(((",en,Public Administration,False
83,Can't register CCN for Water Bill stating System under maintenance.,en,Water Resources,False
84,I don't know who support this app.....unable to register CCN number for water bill. Very bad app....,en,Water Resources,False
85,I'm unable to register my CCN number to check the water bill. It gives an error 'Service under maintenance. Sorry for the inconvenience'. And I'm getting this error from last 3-4 months. Please check for the issue.,en,Water Resources,False
86,"To see the water bill, register CCN feature is showing error of service under maintenance since 2 days",en,Water Resources,False
87,Unable to register ccn for water bill. Everytime same popup : service under maintenance.,en,Water Resources,False
88,Almost from last 4 months website is showing it is under maintenance and not able to register to water bill payment.,en,Water Resources,False
89,"Extremely Usless app. Doesn't work at all. Not does the MCGM website. Im trying to pay my water bill, everytime i do, it comes back return to my account.",en,Water Resources,False
90,Cannot register CCN. It's been 6 days unable to register CCN to pay water bill.,en,Water Resources,False
91,Water bill pay option under maintenance.,en,Water Resources,False
92,सरकारी काम नी दहा वर्ष थांब असा अनुभव. अडीच तीन महिन्यापासून अंडर मेंटेनन्स आहे अॅप. वेबसाईट वर फक्त sbi बँक चे पेमेंट स्वीकारते फक्त . भारतातल्या सर्वात श्रीमंत महानगरपालिकेची ही अवस्था .,hinglish,Public Administration,False
93,Water bill payment more then 2 month shows under maitanence,en,Water Resources,False
94,Worst app water bill section not work,en,Water Resources,False
95,Unable to pay water bill online since many months. Always getting maintenance error,en,Water Resources,False
96,Water Bill section shows Service under maintenance,en,Water Resources,False
97,Unable to pay water bill as it keeps saying server under maintenance.,en,Water Resources,False
98,I'm not able to add my ccn in water bill section from last 2 months worst app..,en,Water Resources,False
99,Very bad application water Bill process not working so many times i will same display...,en,Water Resources,False
100,"Waste and patatik app i ever seen. Every time i try to view/pay my water bill its shows SERVICE UNDER MAINTENANCE, SORRY FOR INCONVENIENCE. Why this is not fixed yet by MCGM TEAM. Why our government services are so slow.",en,Water Resources,False
101,Worst service as always. It's been 3 months I am trying to add my CCN number for water bill but it never gets register. Why the hell this app is even exist...,en,Water Resources,False
102,Water bill section under maintenance why,en,Water Resources,False
103,Water bill section is not working since more than 2 months. If you don't have enough resources to provide bill payment service on your app then atleast tie up with Paytm/Amazon so that we can pay bill from thier app,en,Water Resources,False
104,Is this app is working or only for showpiece. From last 1month trying to download water Bill showing service is under maintenance.,en,Water Resources,False
105,Water bill not accepted. again again under maintenance,en,Water Resources,False
106,"Water bill paying very much difficult activity on yr app, kindly be easily to payment also as UPI payment",en,Water Resources,False
107,Still showing service under maintenance...unable to pay water bill,en,Water Resources,False
108,Last 2 months Water bills payment site not working,en,Water Resources,False
109,Water bill payment not working since long. Useless BMC service. Nobody is replying to the complaints.,en,Water Resources,False
110,Unable to view water bill Statment from last one month... Apps shows msg like under maintenance,en,Water Resources,False
111,Worst service showing undermaintenance for water bill,en,Water Resources,False
112,Since many days not able to register ccn for water bill payment.Waste aplication...,en,Water Resources,False
113,Issue in water bill criteria. Can not register the CCN or view or make payment.,hinglish,Water Resources,False
114,Unable to register for water bill since Dec 2019. Pl resolve this issue on priority.,en,Water Resources,False
115,"3rd class app, while paying water bill the app always shows a message service under maintenance. MCGM is still so backward in technology. App should be rated Zero.",en,Water Resources,False
116,"For last 2 month this app is showing ""service under maintaince,sorry for inconvenience"" in water bill section.I need to pay bill but getting this issue,need to solve it asap",en,Water Resources,False
117,Water billl payment issue every time,en,Water Resources,False
118,Payment for water bill is not working. Please get it fixed.,en,Water Resources,False
119,They are improving. I got a call immediately after my complaint and the issue was fixed. I had raised a ticket for water leakage in pipeline. Thank you BMC for prompt response.,en,Water Resources,False
120,Developing part of this application is great but the department of BMC is corrupted they don't want to work without getting a in corruption,en,Public Administration,False
121,Water bill pay nahi ho rahe . Last month say kise bill pay karo online . My bmc app water bill payment accept hi nahi kar hai. Help me .. bmc,hinglish,Water Resources,False
122,Can not pay water bill througt this app,en,Water Resources,False
123,"Worst App. Water bill Payment server always down, what to expect from BMC.",en,Water Resources,False
124,"No use of filing complain from this app, no action is taken, pothole remains, wondering how is bmc functioning, not serious about inconvenience faced by public and danger to 2 wheelers dueto potholes",en,Urban Development,False
125,Pls. Add google pay option to pay water bill amount,en,Water Resources,False
126,Worst App.Water Bill Payment Is still Under maintenance then Why You were Releasing Such Apps... Horrible..😠,en,Water Resources,False
127,issue with water bill payment.. says data not received from server.. fix it asap. invalid ccn error. Fix it asap. Not able to make payment on both app and website.,en,Water Resources,False
128,Cannot pay water bill says service under maintenance sorry for inconvenience' this is the situation with the app for the past few months,en,Water Resources,False
129,Can do anything if try to register on water bill is say service under maintenance,en,Water Resources,False
130,Sadly I cannot write a review with zero stars. Cant. Pay water bills. Always shows service under maintenance.,en,Water Resources,False
131,"Can't do anything. If I try to register for property tax or water bill, it says service under maintenance. Totally useless application.",en,Water Resources,False
132,Since so many days not able to access water bill payment online it's under maintenance so many days facing issue,en,Water Resources,False
133,Kiya is app pe apna birth certificates name glat hai to shi kar skty h kia plzz tell me,hinglish,Public Administration,False
134,Why I can't pay for the water bill....it shows like we're working on it sorry for the inconvenience...can anyone help me out of this issues,en,Water Resources,False
135,"its not giving details of Water Bill's, or of Property Bill's. it's useless as it always shows under maintainance",en,Water Resources,False
136,very poor workings. not registering any CCN number. any types of water bills and property bills. always responding no data receiving from server. now tell me how will be Mumbai smart.,hinglish,Water Resources,False
137,stop using this i will done online payment of water bill but not show .i have lost my 770 rs,en,Water Resources,False
138,Can anyone help I have made a payment for the water bill amount have been deducted but it is showing as error please help,en,Water Resources,False
139,unable to view certificate license.,en,Public Administration,False
140,i cant pay water bills or property tax as it doesn't work,en,Water Resources,False
141,water bill not show in this app last four month,en,Water Resources,False
142,worst application water bill is not showing and not taking new ccn always showing no data found in server........,en,Water Resources,False
143,not accept CCN for water bill,en,Water Resources,False
144,unable to pay water bill showing unable to fetch data from server.,en,Water Resources,False
145,not working ..when paying thw water bill showing error.. faltu app,en,Water Resources,False
146,Bill payment cannot be made and showing error. This has been done so that MCGM can ask for bribe will bill payment. One of the most corrupt place.,en,Public Administration,False
147,Payment functionality is not working for water bill payments,en,Water Resources,False
148,"It was a nice app before update working very well, I was able to check & 
pay my water bill very easily. The updated version sucks, every time shows 
error no data received from server.😤",en,Water Resources,False
149,No Data Received From Server Error Shown While Ragister in Water Bill,en,Water Resources,False
150,Not able to pay water bill,en,Water Resources,False
151,"Can't pay water bill...CCN can't be registered...showing "" No data from 
Server""..",en,Water Resources,False
152,"Can't see the water bill after last update my water bill is generated i 
received mail.",en,Water Resources,False
153,"Pervious version was functional this version cant pay water bill also it 
sucks more",en,Water Resources,False
154,Very bad of last update..donot show water bill ..please improve asap...,en,Water Resources,False
155,"We tired since morning to pay water bill onlie.....CCN says no data found 
from server.....Very bad apppp......Also no idea from where we get the 
help......",en,Water Resources,False
156,"I tried using this to check my water bill, each time I try to register my 
CCN, it says 'no data recieved from server', and I cannot proceed any 
further",en,Water Resources,False
157,Absolutely love the PMC CARE app! The ability to download my birth certificate instantly without having to visit the ward office physically is a game-changer. So convenient and fast. 5 stars!,en,Public Administration,False
158,"App. doesn't include searvices for PMC pensioners e. g.livinh certificate,Pension yearly cerificate , applications for CHS , etc",en,Public Administration,False
159,worst app can't even see my certificate fix this asap,en,Public Administration,False
160,kahi kaamch nahi he shevati karaylaya madhe jaunch chatu pana karava lagto faltu service paise ghe nd certificate de sanghatna..,hinglish,Public Administration,False
161,no इन्फॉर्मशन avilable for water supply timings,hinglish,Water Resources,False
162,"Pune Municipal Corporation's PMC CARE app is very useful for us to raise complaints regarding any issues, to download birth certificate, Death certificate and easy access to avail any kind of PMC services.",en,Public Administration,False
163,All corrupt people running and ruining PMC. Worst app,en,Public Administration,False
164,I had paid my property tax bill. I was able to download the NOC Certificate very easily. Thank you PMC care,en,Public Administration,False
165,Thank you so much for helping me to get my birth certificate the coustomer support was very nice in helping me and I got my certificate thank you very much 🩷🙏🏻,en,Public Administration,False
166,Very useful app. I got birth certificate online very easily. Everyone must use this app.,en,Public Administration,False
167,"Very good application smooth and convenient. We can access birth certificate, ptax bill, near location, useful blogs",en,Public Administration,False
168,"Blog, Articles, about nearing sections are very helpful. This app is very helpful. PMC services like birth certificate, death certificate and grievances in one app.",en,Public Administration,False
169,I got death certificate within few minutes,en,Public Administration,False
170,The app doesn't allow you to upload images from the phone. it's made that way on purpose because it's not practical to report an incident live from the location itself. Corruption to the core.,en,Public Administration,False
171,"Issue was reported on 6th Oct, 2025. Road repair work began on 7th oct. Instant action by PMC. Greatly appreciated! Thank you, PMC. Keep up the good work! 👏👏",en,Urban Development,False
172,"App is really helpful. I reported potholes yesterday, got a call this morning for details, and by evening the pothole was repaired. Very quick response, I’m happy with the service.",en,Urban Development,False
173,"No upload of images possible from gallery. It means taking pictures directly from app, imagine doing that in peak traffic. App designer apply some common sense.",en,Urban Development,False
174,I have filed 4 complaints about potholes and uneven roads in my area Nere dattawadi chowk 411033 but no development of road as promised by this app by gov in medial. Seems to be like another gimmick for common people.,en,Urban Development,False
175,आज कुठे जाऊन सरकारने पुण्यातील खड्यांची दखल घेतली धन्यवाद..! या app मध्ये सर्वसामान्य नागरिकांना reward points ही दिले जावेत व त्या points चा उपयोग त्यांच्या शासकीय कामांसाठी होईल अशी तरतूद करण्यात यावी ही नम्र विनंती,hinglish,Public Administration,False
176,first fix potholes in your app,en,Urban Development,False
177,Cannot upload photos of roads potholes Shows an error despite giving all required permissions(Camera),hinglish,Urban Development,False
178,"I suggest adding Open public water tap fitting, land potholes, garbage in drainage canals etc so many options...why we will search and struggle to go separate departments and numbers which are terrible experience",en,Urban Development,False
179,very poor experience it's been 11 days problem unsolved and no one contacted. this app is itself garbage dump it,en,Environment,False
180,har jagah corruption baby,en,Public Administration,False
181,complaint about garbage vehicle is not accepted. repeatedly says 'Take a picture'.,en,Environment,False
182,"Bad experience.... as I raised a garbage dump complaint on 8 aug and today is 18 aug 2026, No any action has been taken till now.",en,Environment,False
183,बहुत अच्छा ऐप है जितने भी नेगेटिव कमेंट है वे सब सरकारी कर्मचारियों द्वारा करवाए गए है सिर्फ और सिर्फ ऐप की रेटिंग को कम दिखाने के लिए ।,hi,Public Administration,False
184,"I've complained about the garbage dumps. No action taken to solve the problems. No update of the complaint. This app shows an error when submitting the answers of the feedback survey,not useful at all.",en,Environment,False
185,"अभी इस्तमाल नहीं किया लेकिन फीचर्स अच्छे है, इलेक्ट्रिसिटी बोर्ड या विद्युत संबंधी ऑप्शन नहीं दिखा इसमें , जैसे खुले ट्रांसफार्मर से मारने वाले पशु पक्षी गार्डन और उसके आसपास खरपत बार खुली नालियां इत्यादि",hi,Energy,False
186,"cannot submit the complaint or feedback. for a complaint regarding the garbage vehicle not coming to collect waste, one needs to post the pics but of what ? the garbage or of vehicle not coming? strange",en,Environment,False
187,3 days ago report to garbage but nothing happened,en,Environment,False
188,garbage app if you complain 3 or 4 times you will not be able yo login again for complaint.,en,Environment,False
189,"Hopeless app. I just registered in the app. Soon after that, before even I raised a complaint about garbage they blocked my number. M no more receiving OTP. This is pathetic",en,Environment,False
190,it's been 5 days of complaining against the garbage dump..but no action has been taken.,en,Environment,False
191,very bad experience I complaint for garbage dump in my area 6 days to go but till now no action is taken,en,Environment,False
192,palghar nagar parishad not showing in option why Also pls add Grampanchayat area for clearing app,en,Accessibility,False
193,Your app does not serve the purpose of reporting all type of complaints e.g. garbage collection vehicle not coming regularly.,en,Environment,False
194,app is built by a college student. wrong address despite giving locations and no action taken,en,Education,False
195,"worst system and worst app, no one contacted or coming from officials to check or clean garbages",en,Environment,False
196,"no actions are being taken on any of the issues I have raised. the garbage is still there, the waterlogged areas are still same. debry is still there. someone comments, On the job, but then nothing, no action.",en,Environment,False
197,I have already described all but the app does not accept the photo of garbage I have clicked several times,en,Environment,False
198,Worst They never took any action against the garbage truck not arrived daily and etc...,en,Environment,False
199,I no use always posting complaint no one come and doesn't clean garbage and gutter,en,Environment,False
200,सब बेकार है । मैने खुले में कचरा जलाने की कम्प्लेंट की लेकिन कोई फायदा नहीं फर्जी है,hi,Water Resources,False
201,very good app garbage cleared in less than 6 hours,en,Environment,False
202,garbage not collected regularly during may 17to 20),en,Environment,False
203,"यह एप सरकार की एक नाकामी है। जब भी कंप्लेंट डाली वो बंद कर दी गई, कोई समाधान नहीं हुआ। अगर 1 से भी नीची रेटिंग होती तो अच्छा होता, इस एप के लिए 0 रेटिंग होना चाहिए।",hi,Public Administration,False
204,I have posted so many complaints about garbage dumps on main road since days but no action was taken.,en,Environment,False
205,"When we file a complaint about garbage collection, they generate ai photo, upload it, and declare that our issue has been resolved. What shameless people! What a shame!",en,Environment,False
206,आपका इंजिनियर गलत लोकेशन के फोटो डाल कर सॉल्व हो गई लिख रहा है जबकि मैने नाली का फोटो डाला है और वो टाइल्स का फोटो डाल कर कह रहा है को साफ हो गई गलत बात है में आपको सेवा से असंतुष्ट हु,hi,Urban Development,False
207,worst indian government and services. 4 times posted for Garbage dump and open defecation. But they reject the complaint. Useless App and System,en,Environment,False
208,jo factory pollution karti hai residence city area mein us ki bi complaint karne ki option do please,hinglish,Environment,False
209,यह एक बढ़िया एप्लीकेशन है जो कि हमारे भारत को स्वच्छ बनाने में और भी मदद करता है। और मेरी तरफ से निवेदन है उन लोगों से जो खुले में कचरा फेंक देते हैं। कूड़े कचरे को कृपया कर डस्टबिन में डालें।,hi,Environment,False
210,"I complained about the garbage through this app, but it didn't help",en,Environment,False
211,this app is freaking bad it claims that the cleaner will come and clean off the dirt and garbage next day. It has been freaking 4 days the cleaner haven't came. I have complained so many times but it doesn't matter,en,Environment,False
212,I have raised 3 complaints regarding garbage dump but no action taken it's still there from the past 20 days,en,Environment,False
213,"no one takes action, no accountability is there. i posted about garbage scattered near my area. The cleaning team sits infront of my house, still no action was taken. App is easy to use and didn't see any glitches.",en,Environment,False
214,app can't click pictures and without uploading pictures you can't register complaint. another way of corruption,en,Public Administration,False
215,app itself is a Garbage. Given permission for Camera but say allow permission.These people are Deliberately doing it,hinglish,Environment,False
216,this is good but we want learn civic sense in schools 🏫,en,Education,False
217,"waste app I posted report for garbage collecting now its over 7+ days still garbage not cleaned, I live in city area in Kalyan Dombivali but still work not done here. Totally useless app.",en,Environment,False
218,not able to post photo of area that need to collect garbage,en,Environment,False
219,"posted garbage pics and location but zero response, useless app driven by government of India. only advertisement no solution.",en,Environment,False
220,koi problem slowed nahi ho rahi hai na koi answer aa raha hai ye aap government office jesa hai isme bahut time lagega koi fast problem slowed nahi ho rahi hai,hinglish,Public Administration,False
221,garbage can't receive my society,en,Environment,False
222,I was uploaded photos last 20 days but no one still come and clear tha garbage. my experience for very bad .,en,Environment,False
223,corruption at peak 😔,en,Public Administration,False
224,"Camera not opening in the latest update. Maine saari permissions (camera/storage) check kar li hain, fir bhi camera load nahi ho raha. Bina photo ke garbage complain file nahi ho sakti. Very disappointing experience",hinglish,Environment,False
225,"What is this? Is this even an application? What kind of developers build this? Everywhere corruption, atleast complete the app and make it working, do maintainance properly.",en,Public Administration,False
226,इस ऐप पर आप कितनी भी कंप्लेंट करो कभी कोई रिप्लाई नहीं आता है। न ही सरकार देखती है न हीं नगर निगम देखती है,hi,Public Administration,False
227,after 20 days of complaint no action done. sewer overflow and we are living in hell.,en,Urban Development,False
228,"The worst app has been created and destroyed by the government. I complained about garbage but nothing has happened for a month, not even a reply has come, it is just nominal.",en,Environment,False
229,they never do their job instead of doing corruption,en,Public Administration,False
230,"The app has been created only for mental satisfaction, there is no one to look into the complaints nor anyone to take action, everyone is corrupt.",en,Public Administration,False
231,when you choose to complain about garbage. It shows google maps to select the location but you cannot pan the map to select. pathetic app. I was trying to use for the very first time. Useless,en,Environment,False
232,किसी काम का ये ऐप नही है ये एक सरकार की एक नाकामी है इस पे किसी भी प्रकार का शिकायत का कोई भी कार्यवाही नहीं होता है,hi,Public Administration,False
233,i'm From Jabalpur (mp) and it works indian citizen just need to awareness. i've used swachhata app i raised a pic on it at night 9 pm and next morning 11 am they called me and came to clean & collect that garbage.,en,Environment,False
234,"useless app , no one does a single thing even after reporting it several times and what am I supposed to upload as a picture when garbage vehicle hasn't arrived",en,Environment,False
235,इस ऐप का कुछ फायदा नहीं सिर्फ नाम का है बस आसपास की डिटेल मिलती है कि कितना कचरा है कोई साफ करने नहीं आता क्या पता देखा भी नहीं कोई,hi,Environment,False
236,"No action is ever taken on complaints raised through this app. It in itself is garbage. Plus, the location it fetches is so off.",en,Environment,False
237,posted a complaint 2 weeks ago. no action taken against it and garbage is still here . thats trash service.,en,Environment,False
238,I have been posting complaints about garbage dump nearby my area but no action has been taken till now. Another government good for nothing app.,en,Environment,False
239,"was able to report an issue regarding garbage dump after trying like 15 times.. been one month, no action taken.. zero accountability.. (gurgaon is the location..) pata nahi banae hi kyo hai app.",hinglish,Environment,False
240,There is garbage in my area and I file complain but nothing happened,en,Environment,False
241,"Tried using @SwachhBharatGov’s #SwachhataApp after seeing all the hype online. Filed a complaint on garbage issue—no response even after 24 hrs. Real test of #SwachhBharat is on ground, not in PR.",hinglish,Environment,False
242,"We've been experiencing overflowing sewers for a long time now. The sewage water keeps backing up. I've filed a complaint. It's been three or four days, but no one has come to investigate yet.",en,Urban Development,False
243,"I raised an issue on garbage collection in Hinjewadi Pune, MH and the action was taken. though the app status was not updated but the area was cleaned in a quick time",en,Environment,False
244,"filed 3 complaints regarding dumped garbage one month ago..none of my complaints are solved, all are open",en,Environment,False
245,Complaints are pending from long time no solution provided. Very poor management for garbage management,en,Environment,False
246,where is the link to report poor road conditions and road/sidewalk encroachment?,en,Urban Development,False
247,it's been two months since I registered a complaint but no one has taken action regarding my complaint this mobile app is also a garbage,en,Environment,False
248,"No response from the Municipal department , no proper removal of dumped garbage beside road in pallamraju Nagar !! Please take immediate action on teams of Municipal department !!",en,Environment,False
249,I complaint a lot of time about garbage dump but no one take action on it,en,Environment,False
250,"response not given any complaint. i will mamy complaint on garbage dump but those states show opened. complent in 1,2,3 months ago. but those not given response.",en,Environment,False
251,garbage app!Sometimes the complaints are not even seen!,en,Environment,False
252,"there are many people giving fake complaints , it actually works , I posted a complaint about the garbage near my house and it got cleared within 3 days .3 days is more but the work is done.",en,Environment,False
253,either garbage is not getting cleaned or assigned engineer posts a black coloured picture to mark the complaint resolved. there's no action taken against these corrupt engineers.,en,Environment,False
254,फालतू ऐप है कोई काम का नहीं कंप्लेन करने पर कोई रिस्पांस नहीं ऐप पर 6 - 6 मंथ पुराना कंप्लेन का स्टेटस भी ओपन है मतलब कोई काम नहीं होता यहां यह सब ऐप सिर्फ सरकार का एडवरटाइजिंग के लिए है !,hi,Public Administration,False
255,No option for reporting noise pollution,en,Environment,False
256,"I see lots of tickets over 1 month old about garbage, but no action gets taken. The app has a bug - The content goes above the Status bar and is difficult to click.",en,Environment,False
257,"great app 👌, none of my problems solved 👍 as expected from corrupted government 👏",en,Public Administration,False
258,what an useless app!! posted a complaint almost two weeks back but still open😂😂 what a joke 🤡🤡 shame on mohua people this is a pure scam and corruption,en,Public Administration,False
259,your complaint stays on Open status only. no one will visit to check the garbage.,en,Environment,False
260,there is no use of this app because many people in our city have complaint about garbage etc. but no one from staff has taken action and even given us wrong number of engineer's number,en,Environment,False
261,"I have raised too many complaints on open garbage dumping. No response received from concerned team. Being an active citizen is not only for the public, It should be from the government officials too.",en,Environment,False
262,"No action taken even after 10 days, the garbage is increasing day by day",en,Environment,False
263,it's good to open this app but u want to take a complain fast n take a action with this garbage n dirty city,en,Environment,False
264,"so many complaints are pending, and cannot submit complaint regarding encroachment by zopadpattis",en,Urban Development,False
265,please add street light issue in app,en,Energy,False
266,"koi aata hi nhi hai,sab corrupt hai...",hinglish,Public Administration,False
267,no option to report the conduct of garbage vehicle driver. no option to upload photos from gallery.,en,Environment,False
268,works fine for me. garbage got cleaned in barely 2 hours. don't believe to these fake negative reviews.,en,Environment,False
269,"Modi ho yaa Yogi Corrupt system aur laalfeetashahi ko nahi badal sakte , need a strong leader like Mao , Stalin",hinglish,Public Administration,False
270,EPFO never works. All scam and corrupt systems. Waste of public money,en,Public Administration,False
271,very useful for senior citizen to submit there life certificate,en,Public Administration,False
272,"Useless bogus app, Corrupt public servants ruined india.",en,Public Administration,False
273,Great app with easy accessibility,en,Accessibility,False
274,App certificate expired Error comming,en,Public Administration,False
275,"thanks to NDA Government, nice facility, this app enabled me to generate my mother's Jeevan Praman life certificate online at home.",en,Public Administration,False
276,"garbage app from government, servers always down",en,Environment,False
277,काफ़ी टाइम से pf उमंग पोर्टल बंद है.. कुछ भी नहीं देख पा रहे है..... जल्दी सुरु करें please,hinglish,Water Resources,False
278,Just a pointer to the web with a lot of useless garbage. Simply complicating and confusing. Nothing useful or worth it.,en,Environment,False
279,"ok good but,,,1995 to 2000 all marks memos no availability please AP all certificates uploaded tq",en,Public Administration,False
280,bakes epf not open anytime traffic,en,Urban Development,False
281,"Total garbage, when you close the app and open it again.it asks for login as session expires every time.No progress in grievances .",en,Environment,False
282,this app and MCD is a curse to the nation.. corrupt...,en,Public Administration,False
283,"Now sign in working. Filed complain for open rain water drainage, Complain solved in 3 months.",en,Urban Development,False
284,class 5 student can design better app than this .,en,Education,False
285,"there is no solution , they do not clean or resolve any situation very bad app corruption is inside this app",en,Public Administration,False
286,"garbage app just like a dumped garbage bag on the road. it doesn't even opening or logging in . everytime I try it shows ""something went wrong"" .",en,Environment,False
287,"4rth class, इससे कारवाही तो जल्दी होती है। लेकिन इसका एप्लीकेशन बिल्कुल भी नहीं काम करता है",hinglish,Water Resources,False
288,भ्रष्टाचार सारा सिस्टम भ्रष्ट है,hi,Public Administration,False
289,Looks like the app has been developed by some school students. nothing works properly.,en,Education,False
290,"Pathetic experience. Doesn't load, doesn't take file expanding 2 mb and does not submit the complaint even when file is just 1 mb. I wish they spent some money on development of the app rather than being corrupt",en,Public Administration,False
291,फालतू ऍप्स है सन 2023 जल जीवन मिशन योजना के बारे में मैने शिकायत दर्ज की थी अभी तक उस शिकायत निराकरण नही किया गया है । हमारी सजगता को ठेंस पहुंचाई है !,hi,Water Resources,False
292,very very bad services no effected any complain of government office,en,Public Administration,False
293,"cpgram app आश्चर्यजनक, बहुत बढ़िया,मेरा बिजली बिल में मकान संख्या, बिना भाग दौड़ के बदल गया।",hinglish,Water Resources,False
294,बेकार ऐप है ना रजिस्ट्रेशन हो रहा है ना वर्क कर रहा है लगता है सरकार ने ऐप बनाने वाले को पेमेंट नहीं की है,hi,Public Administration,False
295,It's good apple but you need to still bribe the official to get your work done they didn't come to your house to get it done in free.,en,Public Administration,False
296,"This portal is a fail, cause gobarmint and their employees are corrupt and simply don't do what they are supposed to",en,Public Administration,False
297,Corruption corruption corruption,en,Public Administration,False
298,महोदय में अपनी आईडी mygrievance app में लोगिन कर रहा हूँ तो पिछले 15 दिनों से लोगिन नहीं हो रही है कृपया इस समस्या का जल्द से जल्द समाधान किया जाए महोदय यह एप डाउनलोड नही हो रहा है क्या कारण है,hinglish,Water Resources,False
299,"Excellence app , to fight against corrupt government officer's",en,Public Administration,False
300,भारत का सबसे बेकार पोर्टल लापरवाह अधिकारी ओर सरकार,hi,Public Administration,False
301,Complaint Closed by without any solution. All are corrupted.,en,Public Administration,False
302,All grievance related to agriculture and farmer welfare get stucked at same desk officer (Deputy Secretary) for many days until we do not call them. Disappointing...,en,Agriculture,False
303,इसमे सरकारी कर्मचारियों के लिये भी ऑप्शन दे शिकायत करने हेतु बार बार आप सरकारी कर्मचारी हो अपने विभाग में शिकायत करे मत लिखे क्योंकि एक ऑनलाइन सिस्टम बेहतर कार्य करता है।,hi,Public Administration,False
304,Even tier 3 college students could have developed superior app than what these IIITian have made. Poor way of wasting gov money 🤮 shame on you IIT Kanpur 😠,en,Education,False
305,"स्टेटस वाला पार्ट भी हटा दिया,पहले तो अधिकारी लोग शिकायत को गंभीरता से नही लेते थे,अब एप devplar ने स्टेटस ही हटा दिया।धन्य हो सरकारी अधिकारी।",hinglish,Public Administration,False
306,सरकार का हाथ भ्रष्टाचार के साथ नेताओ का विकास और आम जनता का सर्वनाश,hi,Public Administration,False
307,Corrupt govt officials must be hanged till death in public to set an example to other corrupts. CPGRAMS is not making any impact to the corrupt governance.,en,Public Administration,False
308,"So pathetic , corruption is in blood of every indian government officers ,helpline never work ,no mail reply.",en,Public Administration,False
309,Close complaint without even checking with me. BJP govt is one of worst govt anti citizens and only for corporates and corruption,en,Public Administration,False
310,सरकारी app चल ही नही रहा है। ऐसे चलाएंगे भारत के लोग,hinglish,Public Administration,False
311,सरकारी koi भी नही बनता to सरकारी ऐप कहा से चलेगा,hinglish,Public Administration,False
312,"This is a dummy app so as the main portal. 2 years passed , the griveances is still under process. Any report on corruption and no one will address",en,Public Administration,False
313,no grievance full corrupted government plps have desinged this app to name sake lot off issues pls dont wast poplies money,en,Public Administration,False
314,Reply from goverment via pdf is corrupt. Phone number given by authority is out of order. Email message have no reply. Cheating app,en,Public Administration,False
315,"भारत के सभी नागरिकों को इस app को download करना चाहिए...य़ह app हमारे आपके देश, समाज, शहर, नगर, मोहल्ला में नागरिकों को मिलने वाली सरकारी सुविधाओं का सही ढंग से लागू कराने में अत्यंत महत्वपूर्ण है",hinglish,Public Administration,False
316,भारत सरकारचा मस्त ॲप आहे मी स्वतः वापरतो अहे,hi,Public Administration,False
317,"Lodged 2 complain , no response on any of them since 2 months. Govt departments are all corrupt and full in inefficient incompetent fools.",en,Public Administration,False
318,Really awful experience. Just like government offices. Maybe government do not want to listen citizens grievances.,en,Public Administration,False
319,Helpful to Stop corruption in our country,en,Public Administration,False
320,"This is most inactive app of Government of India. Every time they just showing ""no internet connection"". I tried for almost 12 hours but it doesn't helpful at all. Just a GARBAGE.",en,Environment,False
321,Useless App and Government is corrupted.,en,Public Administration,False
322,Does not let me to login. Even 1st year college student can make better app than this.,en,Education,False
323,देरी होती है राज्य सरकार के अधिकारी ध्यान नही देते गलत रियोर्ट भी भेजते है,hi,Public Administration,False
324,बहुत अच्छी ब्यबस्था सरकार ने की है लेकिन जो अधिकारी संतोषजनक समाधान न दे उनके खिलाफ कार्यवाही होनी चाहिए।,hi,Public Administration,False
325,"बकवास एप्लीकेशन है, चलती ही नहीं है। ज्यादातर सरकारी एप्लिकेशन नाम की ही है सिर्फ। कुछ काम की नहीं है।",hi,Public Administration,False
326,प्ले स्टोर वालों से विनती है कि इस ऐप को अपने प्ले स्टोर से हटा लिया जाए अप की नहीं इस ऐप के कारण प्ले स्टोर की बेइज्जती हो रही है कोई काम का ऐप नहीं है पता नहीं क्यों बना दिया है जैसी सरकार वैसा अप,hi,Public Administration,False
327,one of the corrupted app these app operator dnt want us report the corruption that's why they slow the app server so they don't get complaint .we can't report our problem through this app,en,Public Administration,False
328,corruption on top.,en,Public Administration,False
329,very bad experience with this app all the departments are corrupted..,en,Public Administration,False
330,"meri sadak ऐप कचरा please wait से आगे नही बडता,इसे पचास से ज्यादा खोल चुका हू मजाल है ये खुल जाए, government खुद इसे बंद करके रखा माननीय प्रधानमंत्री मोदी जी गुजारिश करता हू, या इस ऐप कि मरम्मत कर खोल देवे।",hinglish,Environment,False
331,"unprofessional app and worst ui , looks like a 1st year college student has made this app. problem not solved and no option available to contact in the contact section",en,Education,False
332,"बहुत ही घटिया ऐप है, पिछले एक साल से समय समय पर इस्तेमाल करने का कोशिश कर रहा हु लेकिन ऐप में login ही नहीं होता, न इसकी कोई सुनवाई। सरकार कोई भी सिर्फ प्लेटफॉर्म का दिखावा। 🤬😡🤬",hinglish,Public Administration,False
333,nice to see the govt is acting on my request to fix potholes. in fact somebody called me to check if I am happy about their actions to close the potholes. Thank you for quick actions.,en,Urban Development,False
334,एकदम बेकार है sign up नही होता तो आगे क्या होगा इसमे। सरकार इतनी बेकार एप्प बनाएगी तो कैसे चलेगा।,hinglish,Public Administration,False
335,no improve full corruption,en,Public Administration,False
336,worst app worst road and panchayat department,en,Rural Livelihoods,False
337,"The app was Smooth in the beginning But now doesn't do any thing except saying ""Please wait""and does nothing. Has it been done deliberately to support corruption???",en,Public Administration,False
338,कचरा अप रजिस्टर्ड नहीं हो रहा है बिल्कुल बकवासहै मोबाइल नंबर डालने के बाद में भी एरर बता रहा है,hi,Environment,False
339,"इस apps पर कोई भी सुनवाई नहीं होती है सब डाटा fill करने के बाद भी केस closed कर देते हैं सब लिख देते हैं कि आपने विवरण पूर्ण नहीं भरा है, सब के सब घूसखोर भरे पड़े हैं इस सरकार में छोटे से लेकर बड़ा कर्मचारी.",hinglish,Public Administration,False
340,हमारे गाँव के सड़क तो ठीक है नहीं आपके गाँव की है,hi,Urban Development,False
341,Can't able register complain 3 rd class app like government office,en,Public Administration,False
342,"Full of Corruption, not registered any tab for complaint so why release application, only for political game ejanda...🤬🤬",en,Public Administration,False
343,बकवास एप्लीकेशन कोई सुनवाई नहीं होती है सिर्फ टाइमपास के लिए बनाया है सही जानकारी देने के लिए सड़क को उठाकर इस एप्लीकेशन में घुसेड दें क्या तब अधिकारियों को समझ में आएगा,hi,Urban Development,False
344,केवल ग्रामीण क्षेत्र दिखाता है शहरी क्षेत्र नही दिखाता है ऐप सही कार्य नही कर रहा है,hi,Urban Development,False
345,मोदी सरकार हमारे लिए ही ऐप को बनाया ताकि हमारी जो कोई भी शिकायत है डायरेक्ट उनके पास पूछे और वो इस पर एक्शन ले सके धन्यवाद मोदी जी,hi,Public Administration,False
346,ये ऐप एक कोमभंड हे जो सरकार द्वारा साइकोलॉजिकल किया जा रहा ही इस ऐप से कोई सड़क नही बनती,hi,Urban Development,False
347,पहले ये ऐप सुधारो फिर सड़क सुधारना बकवास ऐप,hi,Urban Development,False
348,"Bakwas, complaint karne ke baad bhi road repair ya naya banate hi nahi.",hinglish,Urban Development,False
349,"जीरो स्टार देने का ऑप्शन नहीं था नहीं तो मैं जीरो ही देता सोचा था अपने गांव की सड़क सही करा लूंगा मगर, यहां यहाँ एप्लीकेशन की हालत तो मेरे गांव की सड़क से भी बेकार है पहले सरकार को यह एप्लीकेशन सही करना पड़ेगा",hi,Urban Development,False
350,सरकार के तरह ये एप्प भी किसी काम का नही है,hi,Public Administration,False
351,Didn't think my complain would be heard so fast and responded quickly given my small village without even a panchayat. But we did got a call from pwd and officials for assessment. KUDOS TO THE GOV FOR THIS ONE.,en,Rural Livelihoods,False
352,Third class govt service these corrupt govt officials,en,Public Administration,False
353,ये सही दिखाता है कि सरकारी चीजें कैसी होतीं है साला एक घण्टे से otp का इतज़ार कर रहा हु। 😂😂,hinglish,Public Administration,False
354,मुझे सारे ऑप्शन नहीं मिल रहे मेरी सड़क के मेरे को असुविधा हो रही है,hi,Urban Development,False
355,"Seems the developer of this app don't want it to work, all corrupt contractors and govt officers will be exposed if it works",en,Public Administration,False
356,यह ऐप सड़क के बारे में शिकायत न करने के हमारे धैर्य की जाँच कर रहा है.. इससे सरकार के कामकाज के बारे में पता चलता है,hi,Urban Development,False
357,मेरी सड़क एप्लीकेशन एकदम प्रोड एप्लीकेशन है इसमें कोई सुनवाई नहीं होती मैं इसमें 1 साल होने चाहिए कंप्लेंट किए हुए भी कुछ सनी रहे 10-10 कंपनी दिया हुआ है लेकिन कोई फर्क नहीं पड़ता 23 को डाउनलोड करने से कोई फायदा नहीं है,hi,Urban Development,False
358,"बेकार एप्लीकेशन है,कयोकि इसमें otp नही आ रहा है 3 नंबर try किए तब भाई। यही उम्मीद थी इस सरकार की app से।कुछ तो ढंग से चलाओ। वरना बंध करो पब्लिक को बेवकूफ बनाना ।",hinglish,Public Administration,False
359,घटिया अनुभव। एप्प का ओटीपी 3 बार क्लिक करने पर भी नहीं आया। ऐसी एप्प लागू करके सरकार की नीयत तो अच्छी महसूस होती है। पर जिनकी हकीकत खुलेगी वे लोग शायद नही चाहते कि ये एप्प प्रॉपर चले और लोकप्रिय हो।,hi,Public Administration,False
360,सरकार और ऍप मे कुछ खास फरक नहीं है। दोनो ही अकार्यक्षम है।,hi,Public Administration,False
361,मेरी गांव की सड़क पर कोई ध्यान नहीं है,hi,Urban Development,False
362,How can we add sanction road but work not done yet or new road... for farmers,en,Agriculture,False
363,मेरी सड़क बहुत ही अच्छी प्लेटफार्म है परंतु समस्या का निराकरण करने में संबंधित अधिकारी उतना रुचि नहीं दिखाते हैं जितना दिखाना चाहिए। हमें लगता है कि इस प्लेटफार्म से कोई भी समस्या का समाधान होता होगा,hi,Urban Development,False
364,Itna corruption hh har jagah aur yeh khatiya app bna kr public ka c... Katna..,en,Public Administration,False
365,"Dear Team Now my Request of new made State Balrampur updated checked by me ,Hope my issue for request will resolved ASAP ,Thanks for application update Jai Hind",en,Accessibility,False
366,Must use app for every traveller using Indian Rural/ग्राम्य Road network. Incredible India / अतुल्य भारत को अतुल्य बनाये रखने में सहयोग करें। जहाँ भी मार्ग ध्वस्त देखें त्वरित करें सूचित भारत सरकार को।,hinglish,Public Administration,False
367,"Garbage App, getting closed automatically after clicking on sign up.",en,Environment,False
368,Sach me ye bahut hi Acha app hai jiski sahayta se apni panchayat ke bare me poor Janki le sakte hai,hinglish,Rural Livelihoods,False
369,Good for Gram Panchayat,en,Rural Livelihoods,False
370,couldn't not open panchayat profile..user unfriendly,en,Rural Livelihoods,False
371,App not working properly.Money alloted to various scheme by panchayat is not showing,en,Rural Livelihoods,False
372,1 star rating isiliye de raha hu kyunki insay best service meri Panchayat application deti Hy,hinglish,Rural Livelihoods,False
373,"please update this application, data not showing. this is a great application to know ongoing work In our panchayat and ask to ask the responsible members.",en,Rural Livelihoods,False
374,It does not work properly. Please update all panchayat information as much as possible,en,Rural Livelihoods,False
375,not able to see ongoing work in the app and in my gram panchayat also .,en,Rural Livelihoods,False
376,"app बनाने वाले लोगों को भी यह पता है कि corruption हर जगह है , इसी लिए data ठीक से नहीं दिखा रहे हैं सब , पब्लिक को चुटिया बना रहे हैं सब । ऊपर से नीचे तक अब corrupt हैं ।",hinglish,Public Administration,False
377,who is Gaurav Kumar listed as a Developer of all the apps of Ministry of panchayati raj.,en,Rural Livelihoods,False
378,is app par hamaari panchayt hi nhi hai panchayat chhodo vidhansbha kshetr hi nhi hai,hinglish,Rural Livelihoods,False
379,this app very interesting. and take the information our gram panchayat investment. !,en,Rural Livelihoods,False
380,"Hi team, In many sections of this app it shown blur or not validate or error code url Government should fix this problem. it doesn't show proper or described yojna happend in our garm panchayat. Thank u",en,Rural Livelihoods,False
381,garbage...pathetic app,en,Environment,False
382,Good app for panchayat,en,Rural Livelihoods,False
383,Fake app with 0 details available for any gram panchayats,en,Rural Livelihoods,False
384,Ok panchayat knowledge..,en,Rural Livelihoods,False
385,Excellent app to view the approved and ongoing work of a panchayat. Thanks to the government for building this platform,en,Rural Livelihoods,False
386,Useful and corruption findout details not showing,en,Public Administration,False
387,"Good Application but need more details from Grampanchayat and regular ongoing, completed work details.",en,Accessibility,False
388,Waste app in the world.. No use of Indian peoples no details of Gram Panchayat development,en,Rural Livelihoods,False
389,It is very helpful application for a village activity and development and to break corruption,en,Public Administration,False
390,The blocks and gram panchayat under Gorkhaland Territorial Administration are still not visible in the app. Please arrange to include them,en,Rural Livelihoods,False
391,Good results for panchayat update,en,Rural Livelihoods,False
392,Some panchayath details only shows this app,en,Rural Livelihoods,False
393,Wow mujhe Aaj pta chla k meri villeage ki panchayat kitna paise khaa chuki hai,hinglish,Rural Livelihoods,False
394,No details of mokhavne grampanchayat Should provide every details but no single is provided,en,Accessibility,False
395,Plz update your information about gram panchayat. Newly sarpanch and members are not showing in it.,en,Rural Livelihoods,False
396,There is problem loading District Block Gram panchayat etc Plz correct ASAP,en,Rural Livelihoods,False
397,Very bad very hard to search gram Panchayat,en,Rural Livelihoods,False
398,Old app is better than this update.time west for finding grampanchayat or village.,en,Accessibility,False
399,"Wrost update , ever I seen Scroling in village panchayat too dispratiing , and also same name in village panchayat section Plz fix it",en,Rural Livelihoods,False
400,Selecting options needed for Block Panchayat....old version was good,en,Rural Livelihoods,False
401,Gram panchayat me gavu ka name search karne ka options nahi ae,hinglish,Rural Livelihoods,False
402,"Not district wise and tahashilwise, it's very difficult to find gram panchayat villages",en,Rural Livelihoods,False
403,Good app All panchayat budget show,en,Rural Livelihoods,False
404,After the latest update it is impossible to find Panchayats,en,Rural Livelihoods,False
405,"The apk is not working properly This apk directly lead to gram panchayat after selecting state instead of district, kshetra panchayat",en,Rural Livelihoods,False
406,User interface selecting grampanchayat is difficult to find..No search baar...No mandal district option...,en,Accessibility,False
407,Data not arrange well my grampanchayt not show in list,en,Accessibility,False
408,In this app 'grampanchayathi' & 'taluk panchayathi' are in interchanged order.. And most of all gramapanchayath information is not upto date... Just main toptics are briefly mentioned. Need more to be updated...,en,Accessibility,False
409,"Hello Developer, No search option to find the Grama Panchayat in the list. I suggest you to have search option in all the dropdowns. Please update the design at the earliest for better user experience.",en,Rural Livelihoods,False
410,Give option for selecting district and panchayat,en,Rural Livelihoods,False
411,The user interface for selecting Panchayat name is bad. It is possible to select using pc but not mobile. They should change it to be usable. I found 2 instances of the name Gollapudi in Andhra Pradesh.,en,Rural Livelihoods,False
412,Update ur app app can't be open some error are available in Android mobile phone.. it's most important app for ground Level of government to any grampanchayat...,en,Accessibility,False
413,"New version of this app is devasting,We have to scroll through thousands of panchayats to reach a particular panchayat.",en,Rural Livelihoods,False
414,Grampanchayat information not available timely,en,Accessibility,False
415,Best For Farmer and Who Do Fround with Villagers Thanks GgramSwaraj,en,Agriculture,False
416,No data available any grampanchayat,en,Accessibility,False
417,"Nice application for tracking down the corruption. In my village, a non-existent well repair cost was 8L, cost of building 50 mtrs road is 15L 😂😅",en,Public Administration,False
418,Very nice portal. This will stop corruption and the village will develop.,en,Public Administration,False
419,Need to develop to upload each and every bill in grama Panchayat,en,Rural Livelihoods,False
420,बिहार सरकार आपके क्षेत्र के विकास के लिए कितना पैसा हर साल देती है उसकी सभी जानकारी आपको मिलेगी,hi,Public Administration,False
421,"It is a good initiative by the government, but has to put report or complaint option. With that we can stop small part of curroption which is happening in some gram panchayatis",en,Rural Livelihoods,False
422,अच्छा है लेकिन प्रधान लोग बहुत घोटाला कर रहे हैं सरकार को इस पर विशेष ध्यान देना चाहिए,hi,Public Administration,False
423,"This app is very good but there must be an option to report to the area panchayat, please implement this option and the completed work is not visible in any year please fix it",en,Rural Livelihoods,False
424,Its amazing for Panchayat development and transparency.,en,Rural Livelihoods,False
425,It is very bad that there is nothing available to complain. There is a lot of corruption in the village. No concrete facility has been provided in this app to complain.,en,Public Administration,False
426,How to upload photo to pradhan work ... And how to complain a gram panchayat... Sara pesa kha gaye kuch kaam nahi kiya,hinglish,Rural Livelihoods,False
427,A very good initiative by indian government.App provides must needed data for transperancy in panchayat system.,en,Rural Livelihoods,False
428,Panchayat level data are open to see for every one but zila parishad and Panchayat samiti approved activity not showing... Ye kaisi pardarshita h?,en,Rural Livelihoods,False
429,It provides complete information of the panchayat including all the expenses,en,Rural Livelihoods,False
430,"Please update monthly billing details of every gramapnchyat,And grampanchayat are divided in my village so please update soon....Or customer support kuch to dikhao yar....Sarkari to sarkari app b vaisa hi 😂",hinglish,Accessibility,False
431,This shows how much corruption did that local political leaders.,en,Public Administration,False
432,This app not showing full information about Panchayathi funding and work process statuses,en,Rural Livelihoods,False
433,E gramswaraj app he ek mast app ahe hya app mule sagali gawachi grampanchayt chi mahiti milali....very good app ..marathi bhashya add kara app madhe,hinglish,Accessibility,False
434,It's amezing for gram Panchayat information,en,Rural Livelihoods,False
435,"We need pic of work done by Grampdhan, many fake work amount entry in govt. Approved budget there should be payment receipt, and pic of work so it can be cleared to people and govt.",en,Accessibility,False
436,Dear Ministry of Panchayat Raaj Thank you soo much for this App Hmare panchayat me Bahot sare ghotale huye hai,hinglish,Rural Livelihoods,False
437,Very good app for panchayati raj funds,en,Rural Livelihoods,False
438,Super detail gram panchayat,en,Rural Livelihoods,False
439,Best panchayat app,en,Rural Livelihoods,False
440,कोई काम होता नहीं है बड़ा पैसा उठ जाता है इनकंप्लीट वर्ड दिखा रहा है नहीं कुछ का पैसा बर्बाद हो रहा है सरकार को इस पर बड़ा कदम उठाना चाहिए,hi,Public Administration,False
441,Report details of Panchayats in Mayiladuthurai Dt,en,Rural Livelihoods,False
442,Good app Every information about grampanchayat is here,en,Accessibility,False
443,"Panchayat samiti activity list not avsilable, payment status approved/rejected, geo tag asset also not available please add",en,Rural Livelihoods,False
444,Very useful Isse grampanchayat me hue karyo ka poll khulti hai,hinglish,Accessibility,False
445,Grampancaytbhogakryt,hinglish,Accessibility,False
446,I love this application with a good initiative in our corrupt society.,en,Public Administration,False
447,बहोत अच्छा ऐप्लिकेशन है इससे पता चलेगा की सरकार ग्राम पंचायत को कितना पैसा देती है ओर कितना काम हो रहा है सरकार द्वारा दि गई सभी प्रकार की ग्रांट की जानकारी मिलेगी अब ग्रामीण लोगो का जीवन अच्छा होगा,hi,Public Administration,False
448,Gram panchayat Data in not updated,en,Rural Livelihoods,False
449,"हमारे पंचायत में सारा बिल approve ho gya par ek bhi kam panchayat me nhi huaa bihar, muzaffarpur,sakra,harlochanpur ke har word me sara bill pass hai par ek bhi kam nhi huaa",hinglish,Rural Livelihoods,False
450,Good app but need some improvment like that should be an option to report corruption pls add this option.,en,Public Administration,False
451,Very important information app is app se ham apne gram Panchayat ka kul kharch aur kaam bina kisi roktok ke dekh sakte he is app hamari knowledge me izafa hoga,hinglish,Rural Livelihoods,False
452,panchayat is not apdate deta,en,Rural Livelihoods,False
453,"इस ऐप में यह भी व्यवस्था होनी चाहिए कि हम सब संबंधित योजना की शिकायत भी कर सके। यदि काम नहीं हुआ है तो या काम में भ्रष्टाचार हुआ है तो, तथा शिकायत करने पर त्वरित कार्यवाही हो। तब इस ऐप की प्रासंगिकता और बढ़ जाएगी।",hi,Public Administration,False
454,It's good for grampachayat information,hinglish,Accessibility,False
455,My Panchayat Took approx 20 lakh Rupees For CC road But Where CC road. Thanks For This application.,en,Rural Livelihoods,False
456,"Plz make improvement,edit all options related to panchayat and citizens update regularly Good initiative but need improvement plz do it",en,Rural Livelihoods,False
457,No details for total Panchayat,en,Rural Livelihoods,False
458,"This application is not fully updated as not give fully information of gram Panchayats and their mukhia , so on ..",en,Rural Livelihoods,False
459,Data is not available for most panchayats in Andhrapradesh for eg in East Godavari district,en,Rural Livelihoods,False
460,"Block panchayat ""Thane"" in Thane zilla in Maharashtra state is not shown",en,Rural Livelihoods,False
461,If we don't have the details on what the expenditure has been incurred what is the use. But thank you atleast we got to know how much money our panchayat is getting,en,Rural Livelihoods,False
462,Panchayat activities are not fully being updated in kashmir why??????,en,Rural Livelihoods,False
463,Need more information about gramapanchayathi,en,Rural Livelihoods,False
464,"Overall good app but plzz we need more deatils about work that has been done at panchayat level,like photos Of Work which is done by Panchayat ,and add option to rate the work done by panchayt. Thank you.",en,Rural Livelihoods,False
465,Nice app.. alll information about public works by every Gram Panchayat in country.. wel done. Need some improvements like validate voucher with particular details of work done.,en,Rural Livelihoods,False
466,Good app but not get full information about the grampanchayat,en,Accessibility,False
467,Not exact data base to gram panchayat So I think ban this app,en,Rural Livelihoods,False
468,Bhai bahut useful app h mere gram panchayat ke har ek work ka hisab mil jata h,hinglish,Rural Livelihoods,False
469,EgramSwaraj Best Application Gram panchayat,en,Rural Livelihoods,False
470,No ER details and no approved activities show of our panchayat please fix it,en,Rural Livelihoods,False
471,helpful to stop corruption,en,Public Administration,False
472,Hope it will ensure some extent of transparency at Panchayat level,en,Rural Livelihoods,False
473,This app should also have an mechanism to report the work progress or the delayed work or not done work against the money allotted...this will also become a tool to check against corruption . Thanks,en,Public Administration,False
474,"This app is useless in Karnataka, serve it in Kannada. karnataka farmers cannot understand English and Hindi isn't even a langauge for our farmers. ಕನ್ನಡ ಬಳಸಿ",hinglish,Agriculture,False
475,This app very useful but sabhi jankari nhi deta h jaese ki kon sa kary ho chuka h u kitna kary ho rha kitna paese gram panchayat m aya h 😌,hinglish,Rural Livelihoods,False
476,"Good Application, All Information of panchayat work",en,Rural Livelihoods,False
477,App ho to Madhya Pradesh ke app ka name Panchayat darpan jaisa application good enfarmation,en,Rural Livelihoods,False
478,Super app.. I had reviewed all my panchayat bills... All are fake,en,Rural Livelihoods,False
479,A column for feedback about gram panchayat progress should also be provided.,en,Rural Livelihoods,False
480,पूर्ण विवरण नही है 2019-20 के पीछे का विवरण नही है और अगर ये विवरण जो मिला है उसके खिलाफ़ शिक़ायत कहा पर करा सकता। अधूरे कार्य को सरकारी नौकर शाह ने गलत अमिली जामा पहनाने की कोशिश की है।,hi,Public Administration,False
481,sir Weldon this Aap are bast on Panchayati Raj,hinglish,Rural Livelihoods,False
482,ಒಳ್ಳೆಯ ಮಾಹಿತಿ Super information of my gram panchayath,en,Rural Livelihoods,False
483,Best tool to curb panchayat corruption,en,Public Administration,False
484,No datas of my panchayath,en,Rural Livelihoods,False
485,Sir Esme sikayt ka opsan hota to jada badhiya hota mere villege me koe bhi kam nhi huaa kuchh ko chhod k pura fand sarpanch our siketry kha liye mp Sidhi Rampur naikin vill khatoli janch karaye plz🙏🙏,hinglish,Accessibility,False
486,ये ऍप तो अच्छा है। लेकीन कोणसे काम मे कितना खर्च किया किया और सरकारने कितने पैसे भेजे वो सब डिटेल मै दिखाना चाहिए। ओर हर महिने का डेटा इसमे देना चाहिए । की इस काम मे इतना खर्च किया। और इतने पैसे बचे हैं।,hi,Public Administration,False
487,Expose Corruption,en,Public Administration,False
488,"Add more informations like work in progress in the Panchayat, funds given to a Panchayat for any purpose. Report and complaint about the Panchayat activities etc.",en,Rural Livelihoods,False
489,No data available for all wb panchayat,en,Rural Livelihoods,False
490,Initially it showed the data of gram panchayat work & just after few days it stopped showing the details. This is to hide seer sheer corruption of the politicians & gov. Officials. It should show full details.,en,Public Administration,False
491,It is best app to know local financial progress of gram panchayat but other options doesn't open,en,Rural Livelihoods,False
492,After new update no any work details show So please improve for show all details our grampanchayt for our sutable action our grampradhan,en,Accessibility,False
493,Please improve technical issue of login data of gram panchayat...,en,Rural Livelihoods,False
494,Nice app for gram Panchayat fund details,en,Rural Livelihoods,False
495,"भारत सरकार का अच्छा प्रयास है. पर इस एप्प पर और अपडेट की जरुरत है जैसे की सरपंच, वार्ड मेंबर, फाइनेंस सेक्टर, ग्राम से जुड़े सभी जानकारी.....",hi,Public Administration,False
496,Great initiative. Congratulations GOI. Application redirect to another site location. We would like to see all the reports within app only. Also grampanchayat data is not updated. Report values are nill.,en,Accessibility,False
497,लेखा जोखा साफ है लेकिन करा कुछ भी नहीं है ।1-बिजली के लिए रुपए लिए लेकिन बिजली दी नहीं। 2-आवास के लिए रुपए दिए लेकिन घर मिला नहीं। प्रतापगढ़ सांगीपुर खानिपुर,hi,Water Resources,False
498,"But please add the features to see plots and land and survey As MODIJI said that the drone image will show plot and land ownership name , certificate",en,Public Administration,False
499,बहुत मोडिफिकेशन की जरूरत है। सरकार इस पर पहले ध्यान दे।,hi,Public Administration,False
500,Incomplete nothing is up-to-date about panchayat,en,Rural Livelihoods,False
501,Goop started the app for gram Panchayat but now this well be technical imprument in this app,en,Rural Livelihoods,False
502,"This app not inspire me_ There is lots of disadvantage in this app ,like technical problems, Not updated any Panchayat data clearly...... According to me a lot of #Improvement should be done in this app😕😟😟",en,Rural Livelihoods,False
503,"Panchayat name in this app is mentioned Dhaneta is wrong, actual name of the panchayat is Ghaneta. Kindly edit this clerical mistake. Overall great initiative by central government of our country.",en,Rural Livelihoods,False
504,A Lots of improvement required.it has a option to report about data if any ambigouty in it.its controle corrupt gram pradhan..,en,Public Administration,False
505,83997 gram panchayat me koi data nahi show kar raha. ye app sirf bekuf banane ke liye launch kiya gaya hai. app me mantralaya ko sudhar karna chahiye anytha kisi kam ka nahi hai.,hinglish,Rural Livelihoods,False
506,Please provide description of approved work and completed work so that any villagers can verify work and corruption by mukhiya can be reduced.,en,Public Administration,False
507,Useless app not showing any detail of gram Panchayat🤔,en,Rural Livelihoods,False
508,Kisi kaam ka nahi hain..Mere or mere aas paas k panchayat ka pichle 5 years ka data nil hain.. Waste of time.. Waste of Data.,hinglish,Rural Livelihoods,False
509,सरकार की बहुत ही सराहनीय पहल है इस ऐप को लगातार अपडेट करते रहना होगा,hi,Public Administration,False
510,Need some more improvements for getting complete information about our Grampanchyat other wise this is good app.,en,Accessibility,False
511,हमारे गांव में कुछ भी नही हुआ है इस सरकार में । न होतो आके देख सकते हैं नही तो कोई ईमानदार आदमी भेजिएगा। सब भरस्टाचारी है यहाँ पे ।।🙏🙏🙏 फुलवरिया 274702,hi,Public Administration,False
512,Gram panchayat k kharch aur kary ka pura vivrad update kriye aur kam se kam phichle 15 year ka recard v karya ka esme update hona chahiye taki pta chale ki gram pradhan kitna kam kiye h aur kitna paisa chori kiya h,hinglish,Rural Livelihoods,False
513,A great way . ~ ~ ~ PEO panchayat samiti Sojat Dist Pali Rajasthan,en,Rural Livelihoods,False
514,Superb app for the one who wants to know the whole details and progress of work in any panchayat of india.,en,Rural Livelihoods,False
515,Great app for Panchayati raj transparency,en,Rural Livelihoods,False
516,"मोदी जी की अपील पर मैंने ऐप डाउनलोड किया, जो कि बहुत ही कारगर है। इसके जरिए आम आदमी भी अपनी ग्राम पंचायत के कामों को देख सकता है। इसकी वजह से सरकारी योजनाएं सीधे आम लोगों तक पहुंच सकेंगी। Thank you... Modi Ji ..!",hinglish,Public Administration,False
517,Good working apps development and panchayat raj vibhag,en,Rural Livelihoods,False
518,Very good initiative by govt.It will bring transparency in the Panchayati Raj system 👍,en,Rural Livelihoods,False
519,Panchayat data are not visible Please update details,en,Rural Livelihoods,False
520,"Worst App. Shame on my PM by which this worst App is launched. No complain option, App is working, given details of panchayat member and ward no is showing wrong.",en,Rural Livelihoods,False
521,"There is no record of my Gram Panchayat right now, and the scheme is good, I hope that my problem is resolved at the earliest.",en,Rural Livelihoods,False
522,अच्छा प्रयास है भारत सरकार की ओर से परंतु कुछ बातें बताना चाहूंगा इसको प्रति दिन अपडेट किया जाए जिले से से जिससे सूचना वास्तविक प्राप्त हो सके एवं वर्तमान समय में अभी यह काम नहीं कर रहा है,hi,Public Administration,False
523,Ab koi bhi panchayat me kam hoga Sabhi ko jankari hogi kya kam huwa aur kya nahi Isse ek aur jankari hoga koi ghotala to nahi kar raha hai Best app👍,hinglish,Rural Livelihoods,False
524,It's very useful for grampanchayat. I thanks to pm Modi.... For this app.,en,Accessibility,False
525,Great app against local corruption,en,Public Administration,False
526,Ye app aam aadmi ko apni gram panchayat se related Jo yojnaye di gai h uki puri jankari dega,hinglish,Rural Livelihoods,False
527,Very good initiative for the people of India. I always salute to our honorable PM Modi Sir for his strong leadership. In this great initiative our panchayat level corruption will be reduce.,en,Public Administration,False
528,Very good app and good decision by our prime minister Narendra Modi for evey Panchayat and evey people,en,Rural Livelihoods,False
529,इस ऐप पर कंप्लेंट करने पर कोई कार्यवाही नहीं होती सरकार फर्जी ऐप बनाकर लोगों को बेवकूफ बनाती है या फिर सरकारी अधिकारी निठल्ले हैं,hi,Public Administration,False
530,कितनी भी बार फोटो खींच कर डाल दो कोई समाधान नहीं होता है सरकार का पैसा खराब कर रहे हैं,hi,Public Administration,False
531,सीकायत का ज्वाब जल्दी नही आता है,hi,Water Resources,False
532,ओपन होता ही नही है ऐसा लगता है कि सरकार चाहती ही नही कोई शिकायत कर पाए,hi,Public Administration,False
533,ये सरकार की बहुत ही अच्छी पहल है इससे भारत के हर छोटे छोटे कोने में भी सफाई का अभियान चलाया जा सकता है,hi,Public Administration,False
534,घरो मे पानी भर रहा है पर ना पार्षद सुनत है ना कोई.पर नाला कब बनेगा,hi,Water Resources,False
535,पोस्ट की हुई फोटो पर कोई कार्यवाही हुई या नहीं और कब तक होगी। किसी की जबाबदेही तय की जाये। यहां आगरा में जगह जगह कूड़ा जला देते हैं लोग। सिर्फ अखबारो में ही छपता रहता है। अभी तक कुछ भी नहीं हुआ है।,hi,Water Resources,False
536,हमें खुद को एक जिम्मेदार नागरिक के रुप में रहना चाहिए कचरा नाली में न डालें रोड पर ना डाले कचरा कंटेनर में ही डाले। तो आप देखे की नगर शहर देश हमारा    80%वैसे ही स्वच्छ हो जायेगा। इस तरह की कोशिश में लगे रहो।,hi,Environment,False
537,"स्वच्छता तन,मन के साथ -साथभ्रष्टाचार भ्रष्टाचार भ्रष्टाचार आचरण की भी होना चाहिए भ्रष्ट आचरण की भी सब स्वच्छता होना चाहिए",hi,Public Administration,False
538,यह ऐप्स बहुत अच्छा है सरकारीकाम में,hi,Public Administration,False
539,कब तक चालू होगा ये एप्प जल्दी चालू करो यार मे अपना बेलेंस नही देख पारा हू 🥲🥲,hi,Water Resources,False
540,सरकारी ऐप {xiv},hinglish,Public Administration,False
541,यह बहुत गंदा ऐप है इतना परेशान करता है इतना तो सरकारी अस्पताल में भी बंदा परेशान नहीं होता बहुत सर्वे डाउन रहते हैं हमेशा अगर इसमें सुधार नहीं किया गया तो इस ऐप का पता नहीं पर हमारा दिमाग का पत्ता जरूर कट जाएगा,hi,Healthcare,False
542,सरकार किसानों मजदूरों को लाभ के बारे में सहीजानकारी देती है सही जानकारी मिलना चाहिए ऐप्स केमाध्यम से,hi,Agriculture,False
543,जल्दी खुलता नहीं जल्दी खुलता नहीं आप,hi,Water Resources,False
544,यह एक सरकारी वेबसाइट है बहुत अच्छी वेबसाइट है आप सब लोग मेरे से डाउनलोड करें और इस्तेमाल करें इससे कोई भी धोखाधड़ी नहीं होती है धन्यवाद,hi,Public Administration,False
545,सरकार से अनूरोध है कि पेंशन निकालने का अपसन तत्काल दे,hi,Public Administration,False
546,उमंग एप्स ओपन नहीं हो रही है समस्या का जल्द से जल्द निराकरण किया,hi,Water Resources,False
547,उमंग सरकारी ऐप से पेन कार्ड पासपोर्ट गेस बुकिंग ड्राईविंग लाईसेन्स ट्रेन टिकट बुकिंग जैसे कई काम कर सकते .,hi,Public Administration,False
548,उमंग के द्वारा सभी सरकारी काम आसानी से प्राप्त हो जाते हैं मुझे बहुत अच्छा लगा जय जय श्री कृष्णा,hi,Public Administration,False
549,सभी सरकारी सुविधाओं का बहुत अच्छा प्लैटफॉर्म,hi,Public Administration,False
550,बहुत उपयोगी एप जिसमे सरकारी सुविधाओं का लाभ उठा सकते हैं करीब करीब ऑल इन वन एप है,hi,Public Administration,False
551,Certificate प्रमाण पत्र लोड नहीं कर पा रहे हैं जैसे मूल निवास प्रमाण पत्र जाति प्रमाण पत्र,hinglish,Public Administration,False
552,M.A. college camplit,en,Education,False
553,सबसे घटिया है 😡मूड खराब करके रख दिया सर्वर बिल्कुल भी नही चलता है एक दम सरकारी है😡😡।1महीना हो गया पासबुक भी नही देख पाया आज तक।मैं अभी इसको काटता हूं जड़ से😔😡😡,hi,Public Administration,False
554,उमंग के माध्यम से सरकारी योजनाओं में आवेदन किए हुए एक वर्ष बीत गया है लेकिन संबंधित विभागों से कोई जवाब और मदद नहीं मिल रही है.!! जबकि में एक अंधता से ग्रसित विकलांग हूं,hi,Public Administration,False
555,भारत सरकार का महत्वपूर्ण ऐप हैं,hi,Public Administration,False
556,बहुत ही बढ़िया ऐप है और बहुत जल्दी रजिस्ट्रेशन हो जाता है और सर्टिफिकेट भी बहुत जल्दी अपलोड हो जाता है लोग बेकार कहते हैं लेकिन उनको शायद करना नहीं आता मैंने पता नहीं कितने लोगों का विशेषण किया और फटाफट ओटीपी आता है,hi,Water Resources,False
557,"केन्द्र सरकार की, सभी सुविधाएं एक प्लैटफॉर्म पर बेहद कारगर उपयोगी एप्लिकेशन",hi,Public Administration,False
558,मैं अभी अभी इसका उपयोग शुरू किया हूं अभी प्रक्रिया में हूं रिजल्ट सामने नहीं आ रहा है।,hi,Water Resources,False
559,एप अच्छा है अपनी शिकायत सरकार के पास पहुंचा सकते हैं लेकिन एक कमी है वह यह कि निस्तारण आख्या उपलब्ध नहीं होती है इसमें सुधार होना चाहिए ताकि शिकायत कर्ता को यह पता चल सके कि क्या रिपोर्ट लगाई गई है।,hi,Public Administration,False
560,बहुत बढ़िया है आप घर बैठे शिकायत कर सकते है । भारत सरकार या राज्य सरकार के अंतर्गत आने वाले किसी भी विभाग में यदि कोई गलत काम हो रहा है। आप उसकी शिकायत कर सकते हैं।,hi,Public Administration,False
561,इस ऐप के ज़रिये हमनें भ्रष्टाचारियों का भंडाफोड़ कर डाला।,hi,Public Administration,False
562,जिंदगी में ऐसा बेकार एप नही देखा हूं लॉगिन तो हो गया है परंतु जब सड़क पर कंप्लेन करने जाता हु तो कोई काम नहीं करता है।,hi,Urban Development,False
563,सडक पर जो कचरा फेंकने वालों की शिकायत करने वाली ऐप्लिकेशन भी बनाई जाई ओर कचरा फेंकने वाले लोगों की अखबार में फोटो छपनी चाहिए।,hi,Environment,False
564,श्रीमान कुछ गांवो के बीच पिछले पांच साल से सड़क टूटी हुई है और कोई सुनवाई नही हो रही। उनके बारे मे सरकार कब सोचेगी। गाव-उड़ासर जिला-बाड़मेर राजस्थान,hi,Public Administration,False
565,बढिया है टुटीफूटी सड़क की जानकारी देने कै लिए कौई सरकार की कुभकरनी नीदं उडाने के लिए देखौ कुछ हौ ता है कै नही,hi,Urban Development,False
566,भारत सरकार की जबर्दस्त पहल,hi,Public Administration,False
567,बाकी सरकार की तरह ऐभी जनता को गुमरहा तो नही कर रही है,hi,Public Administration,False
568,प्रधानमंत्री सड़क योजना,hi,Urban Development,False
569,ये भी बेकार है इसमे भी पूरी जानकारी प्राप्त नही होती है और ना इसमें सरकारी नौकर अर्थात जनता का नौकर,hi,Public Administration,False
570,बहुत अछा है आम आदमी को जानकारी मिलती है और गांव गरीब किसान मजदूर को उनका वाजिब हक फिर भी नही मिलता है,hi,Agriculture,False
571,बहुत अच्छा है भ्रष्टाचार सरपंचों के खुलेगी,hi,Public Administration,False
572,Zilla panchayat block ka name show nahi ho Raha hai,hinglish,Rural Livelihoods,False
573,Panchayat bajat ki puri jankari,hinglish,Rural Livelihoods,False
574,यह एक बहुत बढ़िया है पर इसमें कोई घोटाला नहीं होता सरकारी काम बताने में यह सहयोग करता है,hi,Public Administration,False
575,सरकार के द्वारा प्रयास अच्छा किया हैं कार्य की फोटो एवं बिल बाउचर भी उपलोड करने चाहिए,hi,Public Administration,False
576,"यहां देश की जनता , शासन, प्रशासन को रैन कोट पहन कर नहाते हुए देखेगी।",hi,Public Administration,False
577,आज के युवा साथी बेरोजगार हैं उनकों रोजगार गारंटी योजना के तहत लाभ मिलना चाहिए,hi,Rural Livelihoods,False
578,कार्यालय में ब्रेल में कोई साइनेज नहीं है। कृपया इसे जल्द ठीक करें।,hi,Accessibility,True
579,हमारे मोहल्ले में यह हाल है कि ऐप में सुगम्यता फीडबैक विकल्प काम नहीं करता।,hi,Accessibility,True
580,"पिछले कई महीनों से यही समस्या है, बुजुर्गों को बिना सहारे सीढ़ियां चढ़नी पड़ती हैं।",hi,Accessibility,True
581,हमारी पंचायत में यह हाल है कि ऐप में आवाज सहायता बिल्कुल काम नहीं करती।,hi,Accessibility,True
582,अच्छा है कि इस ऐप में पंचायत कार्यालय में व्हीलचेयर के लिए रैंप नहीं है जैसी शिकायत दर्ज कर सकते हैं।,hi,Accessibility,True
583,ऐप में दृष्टिबाधित उपयोगकर्ताओं के लिए कोई विकल्प नहीं है। कृपया इसे जल्द ठीक करें।,hi,Accessibility,True
584,हमारे ब्लॉक में यह हाल है कि ऐप स्क्रीन रीडर को सपोर्ट नहीं करता।,hi,Accessibility,True
585,"छह महीने से विकलांग यात्रियों के लिए सुलभ बसें उपलब्ध नहीं हैं, कोई कार्रवाई नहीं हुई।",hi,Accessibility,True
586,"एक हफ्ते से ऐप स्क्रीन रीडर को सपोर्ट नहीं करता, कोई कार्रवाई नहीं हुई।",hi,Accessibility,True
587,"तीन महीने से इमारत में सुलभ शौचालय नहीं है, कोई कार्रवाई नहीं हुई।",hi,Accessibility,True
588,सरकारी बैठकों में सांकेतिक भाषा दुभाषिया नहीं होता। कृपया इसे जल्द ठीक करें।,hi,Accessibility,True
589,अच्छा है कि इस ऐप में ऐप स्क्रीन रीडर को सपोर्ट नहीं करता जैसी शिकायत दर्ज कर सकते हैं।,hi,Accessibility,True
590,हमारी पंचायत में पंचायत कार्यालय में व्हीलचेयर के लिए रैंप नहीं है।,hi,Accessibility,True
591,बार-बार शिकायत के बावजूद दिव्यांग पेंशन महीनों से खाते में नहीं आई।,hi,Accessibility,True
592,"सरकारी बैठकों में सांकेतिक भाषा दुभाषिया नहीं होता, इस पर तुरंत ध्यान देने की जरूरत है।",hi,Accessibility,True
593,"कई महीनों से विकलांगता प्रमाण पत्र बनने में महीनों लग जाते हैं, कोई कार्रवाई नहीं हुई।",hi,Accessibility,True
594,हमारे इलाके में यह हाल है कि व्हीलचेयर उपयोगकर्ता काउंटर तक नहीं पहुंच पाते।,hi,Accessibility,True
595,"कार्यालय में ब्रेल में कोई साइनेज नहीं है, फिर भी कोई सुनवाई नहीं होती।",hi,Accessibility,True
596,अच्छा है कि इस ऐप में इमारत में सुलभ शौचालय नहीं है जैसी शिकायत दर्ज कर सकते हैं।,hi,Accessibility,True
597,"छह महीने से पंचायत कार्यालय में व्हीलचेयर के लिए रैंप नहीं है, कोई कार्रवाई नहीं हुई।",hi,Accessibility,True
598,acha hai ki is app mein disability certificate banne mein mahine lag jate hain jaisi complaint kar sakte hain.,hinglish,Accessibility,True
599,hamari panchayat mein yeh haal hai ki panchayat office mein wheelchair ke liye ramp nahi hai.,hinglish,Accessibility,True
600,baar baar complaint karne ke bawajood buzurgo ya divyang ke liye koi priority queue nahi hai.,hinglish,Accessibility,True
601,"panchayat office mein wheelchair ke liye ramp nahi hai, phir bhi koi sunwai nahi hoti.",hinglish,Accessibility,True
602,PWD pension mahino se account mein nahi aayi. please isko jaldi fix karo.,hinglish,Accessibility,True
603,"pichle ek hafte se yahi problem hai, app mein visually impaired users ke liye koi option nahi hai.",hinglish,Accessibility,True
604,"chhe mahine se PWD pension mahino se account mein nahi aayi, koi action nahi hua.",hinglish,Accessibility,True
605,"buzurgo ke liye app ka text bahut chota hai, phir bhi koi sunwai nahi hoti.",hinglish,Accessibility,True
606,hamare block mein yeh haal hai ki disability certificate banne mein mahine lag jate hain.,hinglish,Accessibility,True
607,baar baar complaint karne ke bawajood buzurgo ke liye app ka text bahut chota hai.,hinglish,Accessibility,True
608,hamari panchayat mein yeh haal hai ki app screen reader ko support nahi karta.,hinglish,Accessibility,True
609,"kai mahino se disabled passengers ke liye accessible buses available nahi hain, koi action nahi hua.",hinglish,Accessibility,True
610,"maine complaint ki thi ki building mein accessible toilet nahi hai, par abhi tak kuch nahi hua.",hinglish,Accessibility,True
611,Glad this app at least lets us flag that the farm loan waiver was never applied to our account.,en,Agriculture,True
612,Kindly add an option in the app to report that the tractor subsidy application is stuck for months.,en,Agriculture,True
613,"Warehouses to store the harvest are not available nearby in our district, but no one seems to care.",en,Agriculture,True
614,Kindly add an option in the app to report that warehouses to store the harvest are not available nearby.,en,Agriculture,True
615,"Farmers are not receiving fertilizer on time in our village, but no one seems to care.",en,Agriculture,True
616,Please look into this: the farm loan waiver was never applied to our account.,en,Agriculture,True
617,Kindly add an option in the app to report that pesticides are not available at the local cooperative store.,en,Agriculture,True
618,"It has been six months and the farm loan waiver was never applied to our account, still no action taken.",en,Agriculture,True
619,Glad this app at least lets us flag that the tractor subsidy application is stuck for months.,en,Agriculture,True
620,Glad this app at least lets us flag that farmers are not receiving fertilizer on time.,en,Agriculture,True
621,Glad this app at least lets us flag that the Kisan Credit Card application is pending for months.,en,Agriculture,True
622,Kindly add an option in the app to report that seeds under the government scheme never reach the village.,en,Agriculture,True
623,Glad this app at least lets us flag that warehouses to store the harvest are not available nearby.,en,Agriculture,True
624,"Crop damage compensation has not been given in our area, but no one seems to care.",en,Agriculture,True
625,"Farmers are not receiving fertilizer on time, and nobody from the department responds.",en,Agriculture,True
626,सरकारी योजना के बीज कभी गांव तक नहीं पहुंचते। कृपया इसे जल्द ठीक करें।,hi,Agriculture,True
627,"सरकारी योजना के बीज कभी गांव तक नहीं पहुंचते, फिर भी कोई सुनवाई नहीं होती।",hi,Agriculture,True
628,"पिछले दो हफ्तों से यही समस्या है, किसान कर्ज माफी हमारे खाते में लागू नहीं हुई।",hi,Agriculture,True
629,अच्छा है कि इस ऐप में मंडी में घोषित दरों से बहुत कम भाव मिलता है जैसी शिकायत दर्ज कर सकते हैं।,hi,Agriculture,True
630,अच्छा है कि इस ऐप में मांगने पर भी मिट्टी की जांच कभी नहीं हुई जैसी शिकायत दर्ज कर सकते हैं।,hi,Agriculture,True
631,"पिछले दो हफ्तों से यही समस्या है, सिंचाई नहर कई हफ्तों से सूखी पड़ी है।",hi,Agriculture,True
632,"कई महीनों से फसल रखने के लिए पास में कोई गोदाम नहीं है, कोई कार्रवाई नहीं हुई।",hi,Agriculture,True
633,अच्छा है कि इस ऐप में फसल बीमा का दावा महीनों से नहीं निपटा जैसी शिकायत दर्ज कर सकते हैं।,hi,Agriculture,True
634,बार-बार शिकायत के बावजूद ट्रैक्टर सब्सिडी का आवेदन महीनों से अटका है।,hi,Agriculture,True
635,एमएसपी का वादा किया गया पैसा नहीं दिया जा रहा। कृपया इसे जल्द ठीक करें।,hi,Agriculture,True
636,हमारे इलाके में एमएसपी का वादा किया गया पैसा नहीं दिया जा रहा।,hi,Agriculture,True
637,"पिछले तीन महीने से यही समस्या है, कृषि अधिकारी कभी गांव नहीं आते।",hi,Agriculture,True
638,"पिछले कई महीनों से यही समस्या है, किसानों से बोरवेल का वादा किया गया था पर खोदा ही नहीं गया।",hi,Agriculture,True
639,बार-बार शिकायत के बावजूद मांगने पर भी मिट्टी की जांच कभी नहीं हुई।,hi,Agriculture,True
640,"स्थानीय सहकारी दुकान पर कीटनाशक उपलब्ध नहीं हैं, इस पर तुरंत ध्यान देने की जरूरत है।",hi,Agriculture,True
641,हमारे मोहल्ले में किसान कर्ज माफी हमारे खाते में लागू नहीं हुई।,hi,Agriculture,True
642,फसल रखने के लिए पास में कोई गोदाम नहीं है। कृपया इसे जल्द ठीक करें।,hi,Agriculture,True
643,हमारे गांव में यह हाल है कि फसल रखने के लिए पास में कोई गोदाम नहीं है।,hi,Agriculture,True
644,acha hai ki is app mein mangne par bhi soil testing kabhi nahi hui jaisi complaint kar sakte hain.,hinglish,Agriculture,True
645,baar baar complaint karne ke bawajood mandi mein announced rate se bahut kam bhaav milta hai.,hinglish,Agriculture,True
646,"ek hafte se tractor subsidy ka application mahino se atka hai, koi action nahi hua.",hinglish,Agriculture,True
647,"teen mahine se crop insurance ka claim mahino se settle nahi hua, koi action nahi hua.",hinglish,Agriculture,True
648,acha hai ki is app mein farmers se borewell ka wada kiya tha par khoda hi nahi gaya jaisi complaint kar sakte hain.,hinglish,Agriculture,True
649,farmers se borewell ka wada kiya tha par khoda hi nahi gaya. please isko jaldi fix karo.,hinglish,Agriculture,True
650,"kai mahino se mandi mein announced rate se bahut kam bhaav milta hai, koi action nahi hua.",hinglish,Agriculture,True
651,"maine complaint ki thi ki mandi mein announced rate se bahut kam bhaav milta hai, par abhi tak kuch nahi hua.",hinglish,Agriculture,True
652,baar baar complaint karne ke bawajood local cooperative store par pesticide available nahi hai.,hinglish,Agriculture,True
653,hamari colony mein yeh haal hai ki local cooperative store par pesticide available nahi hai.,hinglish,Agriculture,True
654,acha hai ki is app mein kisan loan waiver hamare account mein apply hi nahi hui jaisi complaint kar sakte hain.,hinglish,Agriculture,True
655,"maine complaint ki thi ki tractor subsidy ka application mahino se atka hai, par abhi tak kuch nahi hua.",hinglish,Agriculture,True
656,mangne par bhi soil testing kabhi nahi hui. please isko jaldi fix karo.,hinglish,Agriculture,True
657,baar baar complaint karne ke bawajood irrigation canal kai hafte se sukha para hai.,hinglish,Agriculture,True
658,"mandi mein announced rate se bahut kam bhaav milta hai, ispe turant dhyan dene ki zarurat hai.",hinglish,Agriculture,True
659,hamare ilake mein mandi mein announced rate se bahut kam bhaav milta hai.,hinglish,Agriculture,True
660,hamare ward mein irrigation canal kai hafte se sukha para hai.,hinglish,Agriculture,True
661,hamare ward mein farmers ko time par khaad nahi milta.,hinglish,Agriculture,True
662,baar baar complaint karne ke bawajood crop damage ka compensation abhi tak nahi mila.,hinglish,Agriculture,True
663,"It has been three months and the school toilets are unusable, still no action taken.",en,Education,True
664,"In our town, exam results have been delayed for weeks.",en,Education,True
665,Kindly add an option in the app to report that teacher attendance is never actually checked.,en,Education,True
666,"It has been six months and teachers don't come to the village school, still no action taken.",en,Education,True
667,"The app has no details about the school or education department, and nobody from the department responds.",en,Education,True
668,"For the last a month, there are not enough teachers for every subject and there has been no response.",en,Education,True
669,"I reported that the midday meal quality is very poor, but the complaint status still shows open.",en,Education,True
670,"In our town, the school building is in a dangerous condition.",en,Education,True
671,Please look into this: the app has no details about the school or education department.,en,Education,True
672,"There are not enough teachers for every subject, and nobody from the department responds.",en,Education,True
673,हमारे ब्लॉक में मध्याह्न भोजन की गुणवत्ता बहुत खराब है।,hi,Education,True
674,"शिक्षकों की हाजिरी की कभी जांच नहीं होती, फिर भी कोई सुनवाई नहीं होती।",hi,Education,True
675,"पिछले एक साल से यही समस्या है, तीन महीने से विज्ञान शिक्षक नहीं है।",hi,Education,True
676,"मध्याह्न भोजन की गुणवत्ता बहुत खराब है, फिर भी कोई सुनवाई नहीं होती।",hi,Education,True
677,"छोटे बच्चों के लिए ठीक से क्लासरूम नहीं है, फिर भी कोई सुनवाई नहीं होती।",hi,Education,True
678,स्कूल में पीने के पानी की सुविधा नहीं है। कृपया इसे जल्द ठीक करें।,hi,Education,True
679,"मैंने शिकायत दर्ज की कि तीन महीने से विज्ञान शिक्षक नहीं है, लेकिन अभी तक कुछ नहीं हुआ।",hi,Education,True
680,"ऐप में स्कूल या शिक्षा विभाग की कोई जानकारी नहीं है, इस पर तुरंत ध्यान देने की जरूरत है।",hi,Education,True
681,हमारे मोहल्ले में यह हाल है कि सरकारी स्कूल में बुनियादी फर्नीचर तक नहीं है।,hi,Education,True
682,सत्र शुरू होने के बाद भी किताबें नहीं बंटीं। कृपया इसे जल्द ठीक करें।,hi,Education,True
683,"पिछले दो हफ्तों से यही समस्या है, मध्याह्न भोजन की गुणवत्ता बहुत खराब है।",hi,Education,True
684,"दो हफ्तों से मध्याह्न भोजन की गुणवत्ता बहुत खराब है, कोई कार्रवाई नहीं हुई।",hi,Education,True
685,सरकारी स्कूल में बुनियादी फर्नीचर तक नहीं है। कृपया इसे जल्द ठीक करें।,hi,Education,True
686,"सरकारी स्कूल में बुनियादी फर्नीचर तक नहीं है, इस पर तुरंत ध्यान देने की जरूरत है।",hi,Education,True
687,हर विषय के लिए पर्याप्त शिक्षक नहीं हैं। कृपया इसे जल्द ठीक करें।,hi,Education,True
688,हमारे मोहल्ले में यह हाल है कि स्कूल की इमारत खतरनाक हालत में है।,hi,Education,True
689,"पिछले कई महीनों से यही समस्या है, स्कूल के शौचालय इस्तेमाल के लायक नहीं हैं।",hi,Education,True
690,शिक्षकों की हाजिरी की कभी जांच नहीं होती। कृपया इसे जल्द ठीक करें।,hi,Education,True
691,acha hai ki is app mein teen mahine se science teacher nahi hai jaisi complaint kar sakte hain.,hinglish,Education,True
692,"gaon ke school mein teacher nahi aate, ispe turant dhyan dene ki zarurat hai.",hinglish,Education,True
693,"teacher ki attendance kabhi check nahi hoti, phir bhi koi sunwai nahi hoti.",hinglish,Education,True
694,"teen mahine se science teacher nahi hai, ispe turant dhyan dene ki zarurat hai.",hinglish,Education,True
695,hamare mohalle mein yeh haal hai ki school ke toilet use karne layak nahi hain.,hinglish,Education,True
696,baar baar complaint karne ke bawajood sarkari school mein basic furniture tak nahi hai.,hinglish,Education,True
697,school ki building dangerous condition mein hai. please isko jaldi fix karo.,hinglish,Education,True
698,"ek hafte se har subject ke liye enough teachers nahi hain, koi action nahi hua.",hinglish,Education,True
699,"teacher ki attendance kabhi check nahi hoti, ispe turant dhyan dene ki zarurat hai.",hinglish,Education,True
700,"teen mahine se midday meal ki quality bahut kharab hai, koi action nahi hua.",hinglish,Education,True
701,baar baar complaint karne ke bawajood har subject ke liye enough teachers nahi hain.,hinglish,Education,True
702,hamari colony mein yeh haal hai ki midday meal ki quality bahut kharab hai.,hinglish,Education,True
703,acha hai ki is app mein midday meal ki quality bahut kharab hai jaisi complaint kar sakte hain.,hinglish,Education,True
704,"school mein drinking water ki facility nahi hai, phir bhi koi sunwai nahi hoti.",hinglish,Education,True
705,hamare ilake mein yeh haal hai ki school mein drinking water ki facility nahi hai.,hinglish,Education,True
706,"session start hone ke baad bhi kitaabein nahi bati, phir bhi koi sunwai nahi hoti.",hinglish,Education,True
707,"chhote bacho ke liye thik se classroom nahi hai, ispe turant dhyan dene ki zarurat hai.",hinglish,Education,True
708,poore session online class thik se chali hi nahi. please isko jaldi fix karo.,hinglish,Education,True
709,baar baar complaint karne ke bawajood teen mahine se science teacher nahi hai.,hinglish,Education,True
710,"It has been a month and power cuts happen every day, still no action taken.",en,Energy,True
711,Kindly add an option in the app to report that the meter reading is never updated correctly.,en,Energy,True
712,"I reported that there is no street lighting on the main road, but the complaint status still shows open.",en,Energy,True
713,Please look into this: the transformer has been broken for weeks.,en,Energy,True
714,Glad this app at least lets us flag that the transformer has been broken for weeks.,en,Energy,True
715,"I reported that the meter reading is never updated correctly, but the complaint status still shows open.",en,Energy,True
716,"There is no street lighting on the main road, and nobody from the department responds.",en,Energy,True
717,"In our area, the transformer has been broken for weeks.",en,Energy,True
718,Very disappointing that the solar panel scheme was never implemented here even after multiple complaints.,en,Energy,True
719,"For the last six months, new connections take months to be approved and there has been no response.",en,Energy,True
720,Kindly add an option in the app to report that exposed wires near the transformer are a safety hazard.,en,Energy,True
721,"I reported that load shedding happens without any notice, but the complaint status still shows open.",en,Energy,True
722,Glad this app at least lets us flag that the LPG connection under the scheme was never delivered.,en,Energy,True
723,"For the last many months, exposed wires near the transformer are a safety hazard and there has been no response.",en,Energy,True
724,Very disappointing that the new electricity meter was never installed even after multiple complaints.,en,Energy,True
725,"It has been over a year and exposed wires near the transformer are a safety hazard, still no action taken.",en,Energy,True
726,Please look into this: the LPG connection under the scheme was never delivered.,en,Energy,True
727,Please look into this: load shedding happens without any notice.,en,Energy,True
728,Kindly add an option in the app to report that streetlights don't work at night.,en,Energy,True
729,हमारे गांव में रोज बिजली कट जाती है।,hi,Energy,True
730,हमारे ब्लॉक में यह हाल है कि मीटर रीडिंग कभी सही दर्ज नहीं होती।,hi,Energy,True
731,बार-बार शिकायत के बावजूद बिजली विभाग शिकायतों का कोई जवाब नहीं देता।,hi,Energy,True
732,अच्छा है कि इस ऐप में मुख्य सड़क पर कोई स्ट्रीट लाइट नहीं है जैसी शिकायत दर्ज कर सकते हैं।,hi,Energy,True
733,"बिना किसी सूचना के लोड शेडिंग हो जाती है, इस पर तुरंत ध्यान देने की जरूरत है।",hi,Energy,True
734,"मैंने शिकायत दर्ज की कि योजना के तहत मिलने वाला एलपीजी कनेक्शन अभी तक नहीं मिला, लेकिन अभी तक कुछ नहीं हुआ।",hi,Energy,True
735,बार-बार शिकायत के बावजूद यहां सोलर पैनल योजना कभी लागू नहीं हुई।,hi,Energy,True
736,हमारे शहर में यह हाल है कि वोल्टेज घटने बढ़ने से उपकरण खराब हो जाते हैं।,hi,Energy,True
737,अच्छा है कि इस ऐप में गर्मियों में घंटों बिजली गुल रहती है जैसी शिकायत दर्ज कर सकते हैं।,hi,Energy,True
738,"तीन महीने से रोज बिजली कट जाती है, कोई कार्रवाई नहीं हुई।",hi,Energy,True
739,"मैंने शिकायत दर्ज की कि बिजली का बिल गलत रीडिंग के साथ आता है, लेकिन अभी तक कुछ नहीं हुआ।",hi,Energy,True
740,"बिजली का बिल गलत रीडिंग के साथ आता है, फिर भी कोई सुनवाई नहीं होती।",hi,Energy,True
741,हमारे जिले में यह हाल है कि ट्रांसफार्मर के पास खुले तार खतरनाक हैं।,hi,Energy,True
742,"नए कनेक्शन को मंजूर होने में महीनों लग जाते हैं, फिर भी कोई सुनवाई नहीं होती।",hi,Energy,True
743,बार-बार शिकायत के बावजूद मीटर रीडिंग कभी सही दर्ज नहीं होती।,hi,Energy,True
744,अच्छा है कि इस ऐप में ट्रांसफार्मर के पास खुले तार खतरनाक हैं जैसी शिकायत दर्ज कर सकते हैं।,hi,Energy,True
745,"ट्रांसफार्मर कई हफ्तों से खराब पड़ा है, फिर भी कोई सुनवाई नहीं होती।",hi,Energy,True
746,हमारे शहर में बिजली का बिल गलत रीडिंग के साथ आता है।,hi,Energy,True
747,hamare block mein yeh haal hai ki transformer kai hafte se kharab pada hai.,hinglish,Energy,True
748,hamare ilake mein yeh haal hai ki raat ko street light nahi jalti.,hinglish,Energy,True
749,baar baar complaint karne ke bawajood transformer ke pass khule taar dangerous hain.,hinglish,Energy,True
750,"maine complaint ki thi ki electricity bill galat reading ke sath aata hai, par abhi tak kuch nahi hua.",hinglish,Energy,True
751,"maine complaint ki thi ki transformer kai hafte se kharab pada hai, par abhi tak kuch nahi hua.",hinglish,Energy,True
752,hamare block mein yeh haal hai ki voltage fluctuation se appliances kharab ho jate hain.,hinglish,Energy,True
753,"maine complaint ki thi ki transformer ke pass khule taar dangerous hain, par abhi tak kuch nahi hua.",hinglish,Energy,True
754,acha hai ki is app mein roz bijli cut ho jati hai jaisi complaint kar sakte hain.,hinglish,Energy,True
755,hamari panchayat mein yeh haal hai ki transformer ke pass khule taar dangerous hain.,hinglish,Energy,True
756,hamare ilake mein voltage fluctuation se appliances kharab ho jate hain.,hinglish,Energy,True
757,"pichle ek hafte se yahi problem hai, naye connection approve hone mein mahine lag jate hain.",hinglish,Energy,True
758,"pichle chhe mahine se yahi problem hai, roz bijli cut ho jati hai.",hinglish,Energy,True
759,acha hai ki is app mein naye connection approve hone mein mahine lag jate hain jaisi complaint kar sakte hain.,hinglish,Energy,True
760,baar baar complaint karne ke bawajood meter reading kabhi sahi darj nahi hoti.,hinglish,Energy,True
761,hamare ilake mein yeh haal hai ki electricity bill galat reading ke sath aata hai.,hinglish,Energy,True
762,acha hai ki is app mein transformer kai hafte se kharab pada hai jaisi complaint kar sakte hain.,hinglish,Energy,True
763,garmiyo mein ghanto bijli gul rehti hai. please isko jaldi fix karo.,hinglish,Energy,True
764,"yaha solar panel scheme kabhi lagu nahi hui, ispe turant dhyan dene ki zarurat hai.",hinglish,Energy,True
765,"maine complaint ki thi ki main road par koi street light nahi hai, par abhi tak kuch nahi hua.",hinglish,Energy,True
766,हमारे गांव में यह हाल है कि तालाब में गंदा पानी और कचरा भरा पड़ा है।,hi,Environment,True
767,हमारे शहर में यह हाल है कि गंदे पानी की निकासी की कोई व्यवस्था नहीं है।,hi,Environment,True
768,हमारे जिले में यह हाल है कि गली में कचरे का ढेर जमा हो गया है।,hi,Environment,True
769,हमारी कॉलोनी में नाले की सफाई महीनों से नहीं हुई।,hi,Environment,True
770,"स्वच्छता अभियान सिर्फ कागजों पर चलता है, इस पर तुरंत ध्यान देने की जरूरत है।",hi,Environment,True
771,"दो हफ्तों से पार्क का रखरखाव सालों से नहीं हुआ, कोई कार्रवाई नहीं हुई।",hi,Environment,True
772,"पिछले तीन महीने से यही समस्या है, धूल और प्रदूषण से सांस लेना मुश्किल हो गया है।",hi,Environment,True
773,हमारे ब्लॉक में पेड़ काटने की शिकायत पर कोई कार्रवाई नहीं हुई।,hi,Environment,True
774,"कचरा प्रबंधन के लिए कोई ठोस योजना नहीं है, फिर भी कोई सुनवाई नहीं होती।",hi,Environment,True
775,हमारे वार्ड में यह हाल है कि पार्क में कचरा फैला रहता है कोई सफाई नहीं करता।,hi,Environment,True
776,हमारे जिले में यह हाल है कि कचरा कंटेनर से बदबू आती रहती है पर कोई साफ नहीं करता।,hi,Environment,True
777,हमारे शहर में कचरा गाड़ी वाले अलग-अलग कचरा नहीं उठाते।,hi,Environment,True
778,"एक साल से औद्योगिक कचरा नदी में सीधे बहाया जा रहा है, कोई कार्रवाई नहीं हुई।",hi,Environment,True
779,हमारे मोहल्ले में खुले में कचरा जलाने की शिकायत की पर कोई फायदा नहीं हुआ।,hi,Environment,True
780,अच्छा है कि इस ऐप में औद्योगिक कचरा नदी में सीधे बहाया जा रहा है जैसी शिकायत दर्ज कर सकते हैं।,hi,Environment,True
781,"पिछले एक साल से यही समस्या है, फैक्ट्री का धुआं आसपास के इलाके को प्रदूषित कर रहा है।",hi,Environment,True
782,अच्छा है कि इस ऐप में नाले का पानी ओवरफ्लो होकर घरों में घुस आता है जैसी शिकायत दर्ज कर सकते हैं।,hi,Environment,True
783,"नदी किनारे कचरा फेंका जा रहा है पर रोकटोक नहीं है, इस पर तुरंत ध्यान देने की जरूरत है।",hi,Environment,True
784,"मैंने शिकायत दर्ज की कि इलाके में कचरे से बदतर हालत सड़क की हो गई है, लेकिन अभी तक कुछ नहीं हुआ।",hi,Environment,True
785,"मैंने शिकायत दर्ज की कि नदी किनारे कचरा फेंका जा रहा है पर रोकटोक नहीं है, लेकिन अभी तक कुछ नहीं हुआ।",hi,Environment,True
786,"पिछले एक महीने से यही समस्या है, स्वच्छता अभियान सिर्फ कागजों पर चलता है।",hi,Environment,True
787,हमारी पंचायत में साफ-सफाई के नाम पर सिर्फ खानापूर्ति होती है।,hi,Environment,True
788,"मैंने शिकायत दर्ज की कि नाले का पानी ओवरफ्लो होकर घरों में घुस आता है, लेकिन अभी तक कुछ नहीं हुआ।",hi,Environment,True
789,बार-बार शिकायत के बावजूद कचरा वर्गीकरण की कोई व्यवस्था नहीं है।,hi,Environment,True
790,स्वच्छता अभियान सिर्फ कागजों पर चलता है। कृपया इसे जल्द ठीक करें।,hi,Environment,True
791,बार-बार शिकायत के बावजूद कचरा जलाने की शिकायत पर कोई कार्रवाई नहीं करता।,hi,Environment,True
792,"शिकायत करने पर सफाई टीम मौके पर नहीं आती, फिर भी कोई सुनवाई नहीं होती।",hi,Environment,True
793,"मैंने शिकायत दर्ज की कि स्वच्छता अभियान सिर्फ कागजों पर चलता है, लेकिन अभी तक कुछ नहीं हुआ।",hi,Environment,True
794,अच्छा है कि इस ऐप में प्लास्टिक कचरा हर जगह बिखरा पड़ा है जैसी शिकायत दर्ज कर सकते हैं।,hi,Environment,True
795,हमारे शहर में शिकायत का स्टेटस हमेशा ओपन ही दिखता रहता है।,hi,Environment,True
796,अच्छा है कि इस ऐप में पार्क का रखरखाव सालों से नहीं हुआ जैसी शिकायत दर्ज कर सकते हैं।,hi,Environment,True
797,अच्छा है कि इस ऐप में खुले में कचरा जलाने की शिकायत की पर कोई फायदा नहीं हुआ जैसी शिकायत दर्ज कर सकते हैं।,hi,Environment,True
798,अच्छा है कि इस ऐप में गंदगी की शिकायत की तस्वीर अपलोड करने में ऐप दिक्कत देता है जैसी शिकायत दर्ज कर सकते हैं।,hi,Environment,True
799,"तीन महीने से धूल और प्रदूषण से सांस लेना मुश्किल हो गया है, कोई कार्रवाई नहीं हुई।",hi,Environment,True
800,acha hai ki is app mein complaint karne par safai team site par nahi aati jaisi complaint kar sakte hain.,hinglish,Environment,True
801,baar baar complaint karne ke bawajood factory ka dhuan aas paas ke ilake ko pollute kar raha hai.,hinglish,Environment,True
802,acha hai ki is app mein kachra jalane ki complaint par koi action nahi leta jaisi complaint kar sakte hain.,hinglish,Environment,True
803,"pichle do hafte se yahi problem hai, complaint karne par safai team site par nahi aati.",hinglish,Environment,True
804,"pichle teen mahine se yahi problem hai, kachra jalane se uthne wala dhuan health ke liye dangerous hai.",hinglish,Environment,True
805,hamare ward mein Swachh Bharat app mein photo upload nahi ho pati.,hinglish,Environment,True
806,kachra jalane se uthne wala dhuan health ke liye dangerous hai. please isko jaldi fix karo.,hinglish,Environment,True
807,naale ka paani overflow hoke gharo mein ghus aata hai. please isko jaldi fix karo.,hinglish,Environment,True
808,"pichle ek saal se yahi problem hai, sewer line jam hone se gali mein paani bhar jata hai.",hinglish,Environment,True
809,industrial waste seedha river mein bahaya ja raha hai. please isko jaldi fix karo.,hinglish,Environment,True
810,garbage van wale alag alag kachra nahi uthate. please isko jaldi fix karo.,hinglish,Environment,True
811,"teen mahine se complaint karne par safai team site par nahi aati, koi action nahi hua.",hinglish,Environment,True
812,hamare ward mein yeh haal hai ki gande paani ki nikasi ki koi vyavastha nahi hai.,hinglish,Environment,True
813,baar baar complaint karne ke bawajood gandagi ki wajah se bimariya fail rahi hain.,hinglish,Environment,True
814,Swachh Bharat app mein photo upload nahi ho pati. please isko jaldi fix karo.,hinglish,Environment,True
815,"maine complaint ki thi ki park ka maintenance saalon se nahi hua, par abhi tak kuch nahi hua.",hinglish,Environment,True
816,"pichle ek mahine se yahi problem hai, ped katne ki complaint par koi action nahi hua.",hinglish,Environment,True
817,hamari panchayat mein yeh haal hai ki waste management ke liye koi solid plan nahi hai.,hinglish,Environment,True
818,baar baar complaint karne ke bawajood ilake mein kachre se badtar halat road ki ho gayi hai.,hinglish,Environment,True
819,"pichle kai mahino se yahi problem hai, complaint ka status hamesha open hi dikhta rehta hai.",hinglish,Environment,True
820,baar baar complaint karne ke bawajood kachra jalane ki complaint par koi action nahi leta.,hinglish,Environment,True
821,"industrial waste seedha river mein bahaya ja raha hai, ispe turant dhyan dene ki zarurat hai.",hinglish,Environment,True
822,plastic waste har jagah bikhra pada hai. please isko jaldi fix karo.,hinglish,Environment,True
823,"pichle ek hafte se yahi problem hai, factory ka dhuan aas paas ke ilake ko pollute kar raha hai.",hinglish,Environment,True
824,"ek saal se naale ki safai mahino se nahi hui, koi action nahi hua.",hinglish,Environment,True
825,"pichle ek hafte se yahi problem hai, garbage van wale alag alag kachra nahi uthate.",hinglish,Environment,True
826,"maine complaint ki thi ki naale ki safai mahino se nahi hui, par abhi tak kuch nahi hua.",hinglish,Environment,True
827,"plastic waste har jagah bikhra pada hai, ispe turant dhyan dene ki zarurat hai.",hinglish,Environment,True
828,hamare mohalle mein yeh haal hai ki park ka maintenance saalon se nahi hua.,hinglish,Environment,True
829,hamare block mein complaint karne par safai team site par nahi aati.,hinglish,Environment,True
830,"chhe mahine se gande paani ki nikasi ki koi vyavastha nahi hai, koi action nahi hua.",hinglish,Environment,True
831,baar baar complaint karne ke bawajood khule mein kachra jalane ki complaint ki par koi fayda nahi hua.,hinglish,Environment,True
832,"pichle ek mahine se yahi problem hai, gali mein kachre ka dher jama ho gaya hai.",hinglish,Environment,True
833,"naale ka paani overflow hoke gharo mein ghus aata hai, ispe turant dhyan dene ki zarurat hai.",hinglish,Environment,True
834,Kindly add an option in the app to report that there is no doctor for the maternity ward.,en,Healthcare,True
835,"For the last three months, the ambulance takes more than an hour to arrive and there has been no response.",en,Healthcare,True
836,Please look into this: hospital staff behave rudely with patients.,en,Healthcare,True
837,Kindly add an option in the app to report that patients have to wait for hours without any doctor visiting.,en,Healthcare,True
838,"Patients have to wait for hours without any doctor visiting, and nobody from the department responds.",en,Healthcare,True
839,Glad this app at least lets us flag that the government hospital has no clean drinking water.,en,Healthcare,True
840,Glad this app at least lets us flag that the health centre is short of nursing staff.,en,Healthcare,True
841,"Medicine stock runs out every month, and nobody from the department responds.",en,Healthcare,True
842,"I reported that the health worker never checks on newborns, but the complaint status still shows open.",en,Healthcare,True
843,"For the last over a year, no oxygen cylinder is available during emergencies and there has been no response.",en,Healthcare,True
844,"I reported that no oxygen cylinder is available during emergencies, but the complaint status still shows open.",en,Healthcare,True
845,"I reported that the primary health centre has no medicines in stock, but the complaint status still shows open.",en,Healthcare,True
846,"In our block, hospital staff behave rudely with patients.",en,Healthcare,True
847,"For the last a week, the government hospital has no clean drinking water and there has been no response.",en,Healthcare,True
848,"It has been three months and the Ayushman Bharat card is not accepted at the hospital, still no action taken.",en,Healthcare,True
849,Kindly add an option in the app to report that the government hospital has no clean drinking water.,en,Healthcare,True
850,"It has been a week and the health centre is short of nursing staff, still no action taken.",en,Healthcare,True
851,"In our locality, the ASHA worker has not visited for the vaccination drive.",en,Healthcare,True
852,Please look into this: the primary health centre has no medicines in stock.,en,Healthcare,True
853,बार-बार शिकायत के बावजूद हर महीने दवाई की कमी हो जाती है।,hi,Healthcare,True
854,"मैंने शिकायत दर्ज की कि रात में इमरजेंसी वार्ड बंद रहता है, लेकिन अभी तक कुछ नहीं हुआ।",hi,Healthcare,True
855,अच्छा है कि इस ऐप में मरीजों को घंटों इंतजार करना पड़ता है पर कोई डॉक्टर नहीं देखता जैसी शिकायत दर्ज कर सकते हैं।,hi,Healthcare,True
856,डिस्पेंसरी ज्यादातर दिन बंद रहती है। कृपया इसे जल्द ठीक करें।,hi,Healthcare,True
857,"मरीजों को घंटों इंतजार करना पड़ता है पर कोई डॉक्टर नहीं देखता, फिर भी कोई सुनवाई नहीं होती।",hi,Healthcare,True
858,इमरजेंसी में ऑक्सीजन सिलेंडर उपलब्ध नहीं है। कृपया इसे जल्द ठीक करें।,hi,Healthcare,True
859,"छह महीने से आशा कार्यकर्ता टीकाकरण के लिए नहीं आती, कोई कार्रवाई नहीं हुई।",hi,Healthcare,True
860,अच्छा है कि इस ऐप में सरकारी अस्पताल में डॉक्टर उपलब्ध नहीं रहते जैसी शिकायत दर्ज कर सकते हैं।,hi,Healthcare,True
861,अच्छा है कि इस ऐप में स्वास्थ्य केंद्र में नर्सों की भारी कमी है जैसी शिकायत दर्ज कर सकते हैं।,hi,Healthcare,True
862,अच्छा है कि इस ऐप में इमरजेंसी में ऑक्सीजन सिलेंडर उपलब्ध नहीं है जैसी शिकायत दर्ज कर सकते हैं।,hi,Healthcare,True
863,"मैंने शिकायत दर्ज की कि प्रसव वार्ड में कोई डॉक्टर मौजूद नहीं है, लेकिन अभी तक कुछ नहीं हुआ।",hi,Healthcare,True
864,प्रसव वार्ड में कोई डॉक्टर मौजूद नहीं है। कृपया इसे जल्द ठीक करें।,hi,Healthcare,True
865,बार-बार शिकायत के बावजूद प्राथमिक स्वास्थ्य केंद्र में दवाइयां खत्म हो चुकी हैं।,hi,Healthcare,True
866,"मैंने शिकायत दर्ज की कि एम्बुलेंस आने में एक घंटे से ज्यादा लग जाता है, लेकिन अभी तक कुछ नहीं हुआ।",hi,Healthcare,True
867,"एक साल से प्रसव वार्ड में कोई डॉक्टर मौजूद नहीं है, कोई कार्रवाई नहीं हुई।",hi,Healthcare,True
868,"पिछले एक साल से यही समस्या है, डिस्पेंसरी ज्यादातर दिन बंद रहती है।",hi,Healthcare,True
869,"एक साल से आयुष्मान भारत कार्ड अस्पताल में स्वीकार नहीं किया जाता, कोई कार्रवाई नहीं हुई।",hi,Healthcare,True
870,"सरकारी अस्पताल में पीने का साफ पानी नहीं है, इस पर तुरंत ध्यान देने की जरूरत है।",hi,Healthcare,True
871,हमारे मोहल्ले में डिस्पेंसरी ज्यादातर दिन बंद रहती है।,hi,Healthcare,True
872,hamare mohalle mein government hospital mein doctor available nahi hote.,hinglish,Healthcare,True
873,hamare mohalle mein yeh haal hai ki Ayushman Bharat card hospital mein accept nahi hota.,hinglish,Healthcare,True
874,"pichle kai mahino se yahi problem hai, maternity ward mein koi doctor available nahi hai.",hinglish,Healthcare,True
875,"maine complaint ki thi ki emergency mein oxygen cylinder available nahi hai, par abhi tak kuch nahi hua.",hinglish,Healthcare,True
876,"raat ko emergency ward lock rehta hai, phir bhi koi sunwai nahi hoti.",hinglish,Healthcare,True
877,PHC mein dawaiyan khatam ho chuki hain. please isko jaldi fix karo.,hinglish,Healthcare,True
878,"hospital staff patients ke saath thik se baat nahi karta, phir bhi koi sunwai nahi hoti.",hinglish,Healthcare,True
879,"ASHA worker vaccination ke liye nahi aati, ispe turant dhyan dene ki zarurat hai.",hinglish,Healthcare,True
880,"ek mahine se health centre mein nurses ki bahut kami hai, koi action nahi hua.",hinglish,Healthcare,True
881,"health worker newborn baby ki checkup ke liye nahi aata, phir bhi koi sunwai nahi hoti.",hinglish,Healthcare,True
882,hamare ilake mein yeh haal hai ki patients ko ghanto wait karna padta hai koi doctor nahi dekhta.,hinglish,Healthcare,True
883,"raat ko emergency ward lock rehta hai, ispe turant dhyan dene ki zarurat hai.",hinglish,Healthcare,True
884,hamari panchayat mein yeh haal hai ki maternity ward mein koi doctor available nahi hai.,hinglish,Healthcare,True
885,hamare mohalle mein raat ko emergency ward lock rehta hai.,hinglish,Healthcare,True
886,"pichle do hafte se yahi problem hai, emergency mein oxygen cylinder available nahi hai.",hinglish,Healthcare,True
887,Ayushman Bharat card hospital mein accept nahi hota. please isko jaldi fix karo.,hinglish,Healthcare,True
888,hamare block mein Ayushman Bharat card hospital mein accept nahi hota.,hinglish,Healthcare,True
889,baar baar complaint karne ke bawajood raat ko emergency ward lock rehta hai.,hinglish,Healthcare,True
890,hamare gaon mein yeh haal hai ki corruption har department mein khula aam chalta hai.,hinglish,Public Administration,True
891,"ek hafte se birth certificate download karne ka option hi nahi hai app mein, koi action nahi hua.",hinglish,Public Administration,True
892,"kai mahino se sarkari scheme ka fayda bicholiye le jate hain, koi action nahi hua.",hinglish,Public Administration,True
893,"pichle chhe mahine se yahi problem hai, sarkari daftar mein koi seedhe se baat nahi karta.",hinglish,Public Administration,True
894,form submit karne ke baad status track hi nahi hota. please isko jaldi fix karo.,hinglish,Public Administration,True
895,"maine complaint ki thi ki form submit karne ke baad status track hi nahi hota, par abhi tak kuch nahi hua.",hinglish,Public Administration,True
896,"complaint number generate hota hai par uska koi matlab nahi hota, ispe turant dhyan dene ki zarurat hai.",hinglish,Public Administration,True
897,"ek mahine se sarkari daftar mein koi seedhe se baat nahi karta, koi action nahi hua.",hinglish,Public Administration,True
898,"birth certificate download karne ka option hi nahi hai app mein, ispe turant dhyan dene ki zarurat hai.",hinglish,Public Administration,True
899,"pichle chhe mahine se yahi problem hai, officer transfer ke naam par kaam taal diya jata hai.",hinglish,Public Administration,True
900,"kai mahino se app crash ho jata hai jab bhi complaint submit karte hain, koi action nahi hua.",hinglish,Public Administration,True
901,RTI ka jawab time par nahi milta. please isko jaldi fix karo.,hinglish,Public Administration,True
902,baar baar complaint karne ke bawajood ek hi complaint baar baar file karni padti hai.,hinglish,Public Administration,True
903,"maine complaint ki thi ki app crash ho jata hai jab bhi complaint submit karte hain, par abhi tak kuch nahi hua.",hinglish,Public Administration,True
904,hamari colony mein ek hi complaint baar baar file karni padti hai.,hinglish,Public Administration,True
905,acha hai ki is app mein documents verify karne mein mahino lag jate hain jaisi complaint kar sakte hain.,hinglish,Public Administration,True
906,baar baar complaint karne ke bawajood birth certificate download karne ka option hi nahi hai app mein.,hinglish,Public Administration,True
907,acha hai ki is app mein officer transfer ke naam par kaam taal diya jata hai jaisi complaint kar sakte hain.,hinglish,Public Administration,True
908,"पिछले एक साल से यही समस्या है, ग्राम सभा की सूचना समय पर नहीं दी जाती।",hi,Rural Livelihoods,True
909,"मनरेगा मजदूरी दर बहुत कम है और समय पर नहीं मिलती, इस पर तुरंत ध्यान देने की जरूरत है।",hi,Rural Livelihoods,True
910,बार-बार शिकायत के बावजूद मजदूरों की हाजिरी मस्टर रोल में गलत दर्ज होती है।,hi,Rural Livelihoods,True
911,"पिछले दो हफ्तों से यही समस्या है, स्वयं सहायता समूह को समय पर पैसा नहीं मिलता।",hi,Rural Livelihoods,True
912,हमारे मोहल्ले में प्रवासी मजदूरों के लिए कोई योजना ठीक से लागू नहीं होती।,hi,Rural Livelihoods,True
913,"प्रवासी मजदूरों के लिए कोई योजना ठीक से लागू नहीं होती, फिर भी कोई सुनवाई नहीं होती।",hi,Rural Livelihoods,True
914,हमारी पंचायत में यह हाल है कि मजदूरों की हाजिरी मस्टर रोल में गलत दर्ज होती है।,hi,Rural Livelihoods,True
915,हमारे मोहल्ले में पंचायत सचिव कभी कार्यालय में उपलब्ध नहीं रहते।,hi,Rural Livelihoods,True
916,"पशुपालन योजना का लाभ बिचौलियों के पास चला जाता है, फिर भी कोई सुनवाई नहीं होती।",hi,Rural Livelihoods,True
917,"कई महीनों से पंचायत के काम की जानकारी ऐप पर अपडेट नहीं होती, कोई कार्रवाई नहीं हुई।",hi,Rural Livelihoods,True
918,"मैंने शिकायत दर्ज की कि पंचायत में भ्रष्टाचार की शिकायत का कोई हल नहीं निकलता, लेकिन अभी तक कुछ नहीं हुआ।",hi,Rural Livelihoods,True
919,"पिछले कई महीनों से यही समस्या है, पंचायत चुनाव के बाद वादे भुला दिए जाते हैं।",hi,Rural Livelihoods,True
920,"एक साल से बेरोजगारी भत्ता आवेदन के बाद भी नहीं मिला, कोई कार्रवाई नहीं हुई।",hi,Rural Livelihoods,True
921,"तीन महीने से ग्राम पंचायत की बैठक की जानकारी समय पर नहीं मिलती, कोई कार्रवाई नहीं हुई।",hi,Rural Livelihoods,True
922,"मैंने शिकायत दर्ज की कि ग्राम सभा की सूचना समय पर नहीं दी जाती, लेकिन अभी तक कुछ नहीं हुआ।",hi,Rural Livelihoods,True
923,"गांव में रोजगार के अवसर नहीं हैं, इस पर तुरंत ध्यान देने की जरूरत है।",hi,Rural Livelihoods,True
924,हमारे ब्लॉक में यह हाल है कि कौशल विकास प्रशिक्षण योजना का लाभ नहीं मिला।,hi,Rural Livelihoods,True
925,हमारे मोहल्ले में यह हाल है कि जॉब कार्ड में दर्ज दिन और असल काम के दिन मेल नहीं खाते।,hi,Rural Livelihoods,True
926,हमारे इलाके में यह हाल है कि मनरेगा मजदूरी दर बहुत कम है और समय पर नहीं मिलती।,hi,Rural Livelihoods,True
927,"पिछले तीन महीने से यही समस्या है, पंचायत के फंड से जुड़ी सारी जानकारी छुपाई जाती है।",hi,Rural Livelihoods,True
928,"स्वरोजगार लोन के आवेदन पर बैंक जवाब नहीं देता, इस पर तुरंत ध्यान देने की जरूरत है।",hi,Rural Livelihoods,True
929,अच्छा है कि इस ऐप में पशु शेड योजना का पैसा बिना काम के निकल गया जैसी शिकायत दर्ज कर सकते हैं।,hi,Rural Livelihoods,True
930,हमारे इलाके में यह हाल है कि प्रवासी मजदूरों के लिए कोई योजना ठीक से लागू नहीं होती।,hi,Rural Livelihoods,True
931,"पिछले कई महीनों से यही समस्या है, पशु शेड योजना का पैसा बिना काम के निकल गया।",hi,Rural Livelihoods,True
932,अच्छा है कि इस ऐप में ग्राम विकास अधिकारी शायद ही कभी गांव आते हैं जैसी शिकायत दर्ज कर सकते हैं।,hi,Rural Livelihoods,True
933,"पिछले एक हफ्ते से यही समस्या है, गांव में सिलाई कढ़ाई केंद्र बंद पड़ा है।",hi,Rural Livelihoods,True
934,"मैंने शिकायत दर्ज की कि गांव के विकास कार्यों का हिसाब पारदर्शी नहीं है, लेकिन अभी तक कुछ नहीं हुआ।",hi,Rural Livelihoods,True
935,"दो हफ्तों से ग्राम विकास अधिकारी शायद ही कभी गांव आते हैं, कोई कार्रवाई नहीं हुई।",hi,Rural Livelihoods,True
936,हमारी कॉलोनी में यह हाल है कि स्वरोजगार लोन के आवेदन पर बैंक जवाब नहीं देता।,hi,Rural Livelihoods,True
937,"मैंने शिकायत दर्ज की कि गांव के युवाओं के लिए कोई कौशल केंद्र नहीं है, लेकिन अभी तक कुछ नहीं हुआ।",hi,Rural Livelihoods,True
938,"स्थानीय स्वरोजगार योजनाओं की जानकारी गांव तक नहीं पहुंचती, फिर भी कोई सुनवाई नहीं होती।",hi,Rural Livelihoods,True
939,बार-बार शिकायत के बावजूद प्रवासी मजदूरों के लिए कोई योजना ठीक से लागू नहीं होती।,hi,Rural Livelihoods,True
940,"पिछले कई महीनों से यही समस्या है, महिलाओं के लिए गांव में रोजगार के अवसर बहुत कम हैं।",hi,Rural Livelihoods,True
941,"पशुपालन योजना का लाभ बिचौलियों के पास चला जाता है, इस पर तुरंत ध्यान देने की जरूरत है।",hi,Rural Livelihoods,True
942,पंचायत में भ्रष्टाचार की शिकायत का कोई हल नहीं निकलता। कृपया इसे जल्द ठीक करें।,hi,Rural Livelihoods,True
943,बार-बार शिकायत के बावजूद बेरोजगारी भत्ता आवेदन के बाद भी नहीं मिला।,hi,Rural Livelihoods,True
944,स्थानीय स्वरोजगार योजनाओं की जानकारी गांव तक नहीं पहुंचती। कृपया इसे जल्द ठीक करें।,hi,Rural Livelihoods,True
945,hamare ward mein MGNREGA wage rate bahut kam hai aur time par nahi milta.,hinglish,Rural Livelihoods,True
946,"pichle kai mahino se yahi problem hai, mahilao ke liye gaon mein rozgar ke avsar bahut kam hain.",hinglish,Rural Livelihoods,True
947,"ek saal se aaj ke yuva berozgar ghoom rahe hain, koi action nahi hua.",hinglish,Rural Livelihoods,True
948,"pichle kai mahino se yahi problem hai, gram panchayat ki meeting ki jankari time par nahi milti.",hinglish,Rural Livelihoods,True
949,"maine complaint ki thi ki gaon mein koi local employment centre nahi hai, par abhi tak kuch nahi hua.",hinglish,Rural Livelihoods,True
950,"pichle chhe mahine se yahi problem hai, gaon ke development kaam ka hisab transparent nahi hai.",hinglish,Rural Livelihoods,True
951,acha hai ki is app mein gaon ke development kaam ka hisab transparent nahi hai jaisi complaint kar sakte hain.,hinglish,Rural Livelihoods,True
952,"ek saal se mahilao ke liye gaon mein rozgar ke avsar bahut kam hain, koi action nahi hua.",hinglish,Rural Livelihoods,True
953,gram panchayat ki meeting ki jankari time par nahi milti. please isko jaldi fix karo.,hinglish,Rural Livelihoods,True
954,"gram panchayat ki meeting ki jankari time par nahi milti, phir bhi koi sunwai nahi hoti.",hinglish,Rural Livelihoods,True
955,hamare ward mein aaj ke yuva berozgar ghoom rahe hain.,hinglish,Rural Livelihoods,True
956,baar baar complaint karne ke bawajood MGNREGA ke tahat kaam mangne par bhi kaam nahi milta.,hinglish,Rural Livelihoods,True
957,"gaon mein rozgar ke avsar nahi hain, ispe turant dhyan dene ki zarurat hai.",hinglish,Rural Livelihoods,True
958,hamare gaon mein yeh haal hai ki panchayat ke fund mein ghotala hone ka shak hai par janch nahi hoti.,hinglish,Rural Livelihoods,True
959,"pichle ek mahine se yahi problem hai, berozgari bhatta application ke baad bhi nahi mila.",hinglish,Rural Livelihoods,True
960,"self help group ko time par paisa nahi milta, ispe turant dhyan dene ki zarurat hai.",hinglish,Rural Livelihoods,True
961,"maine complaint ki thi ki pashupalan scheme ka fayda beechwalo ke pass chala jata hai, par abhi tak kuch nahi hua.",hinglish,Rural Livelihoods,True
962,baar baar complaint karne ke bawajood mazdooro ka payment mahino se pending hai.,hinglish,Rural Livelihoods,True
963,"maine complaint ki thi ki MGNREGA wage rate bahut kam hai aur time par nahi milta, par abhi tak kuch nahi hua.",hinglish,Rural Livelihoods,True
964,acha hai ki is app mein migrant workers ke liye koi scheme thik se lagu nahi hoti jaisi complaint kar sakte hain.,hinglish,Rural Livelihoods,True
965,"pichle do hafte se yahi problem hai, panchayat ke fund mein ghotala hone ka shak hai par janch nahi hoti.",hinglish,Rural Livelihoods,True
966,Please look into this: the park in our area has been neglected for years.,en,Urban Development,True
967,Glad this app at least lets us flag that the road repair work started but was never finished.,en,Urban Development,True
968,"For the last six months, the road repair work started but was never finished and there has been no response.",en,Urban Development,True
969,"Encroachments block the pedestrian pathway in our panchayat, but no one seems to care.",en,Urban Development,True
970,अच्छा है कि इस ऐप में स्ट्रीट लाइट के खंभे लगे पर कनेक्शन नहीं मिला जैसी शिकायत दर्ज कर सकते हैं।,hi,Urban Development,True
971,अच्छा है कि इस ऐप में फ्लाईओवर का निर्माण वर्षों से रुका हुआ है जैसी शिकायत दर्ज कर सकते हैं।,hi,Urban Development,True
972,हर मानसून में नाली उफान पर आ जाती है। कृपया इसे जल्द ठीक करें।,hi,Urban Development,True
973,hamare gaon mein footpath par rehdi walo ka kabza hai.,hinglish,Urban Development,True
974,chaurahe ki traffic light kaam nahi karti. please isko jaldi fix karo.,hinglish,Urban Development,True
975,hamare gaon mein yeh haal hai ki encroachment se pedestrian path band ho gaya hai.,hinglish,Urban Development,True
976,"nayi bani road mein pehle hi cracks aa gaye hain, phir bhi koi sunwai nahi hoti.",hinglish,Urban Development,True
977,baar baar complaint karne ke bawajood hamari colony mein thik se dustbin nahi hai.,hinglish,Urban Development,True
978,"maine complaint ki thi ki hamari gali ki street light mahino se band hai, par abhi tak kuch nahi hua.",hinglish,Urban Development,True
979,"nayi bani road mein pehle hi cracks aa gaye hain, ispe turant dhyan dene ki zarurat hai.",hinglish,Urban Development,True
980,hamare shehar mein yeh haal hai ki flyover ka construction saalon se ruka hua hai.,hinglish,Urban Development,True
981,street light ke pole lage par connection nahi mila. please isko jaldi fix karo.,hinglish,Urban Development,True
982,"pichle kai mahino se yahi problem hai, street light ke pole lage par connection nahi mila.",hinglish,Urban Development,True
983,"chaurahe ki traffic light kaam nahi karti, ispe turant dhyan dene ki zarurat hai.",hinglish,Urban Development,True
984,"pichle ek mahine se yahi problem hai, hamari gali ki street light mahino se band hai.",hinglish,Urban Development,True
985,baar baar complaint karne ke bawajood hamare ilake ka park saalon se neglect hai.,hinglish,Urban Development,True
986,"complaint ke bawajood illegal construction jari hai, ispe turant dhyan dene ki zarurat hai.",hinglish,Urban Development,True
987,acha hai ki is app mein market ke public toilet use karne layak nahi hain jaisi complaint kar sakte hain.,hinglish,Urban Development,True
988,"hamare ilake ka park saalon se neglect hai, phir bhi koi sunwai nahi hoti.",hinglish,Urban Development,True
989,"pichle ek hafte se yahi problem hai, encroachment se pedestrian path band ho gaya hai.",hinglish,Urban Development,True
990,baar baar complaint karne ke bawajood market ke public toilet use karne layak nahi hain.,hinglish,Urban Development,True
991,"मैंने शिकायत दर्ज की कि पाइपलाइन लीक हो रही है पर कोई मरम्मत नहीं करता, लेकिन अभी तक कुछ नहीं हुआ।",hi,Water Resources,True
992,अच्छा है कि इस ऐप में पानी सप्लाई का समय बिना बताए बदल दिया गया जैसी शिकायत दर्ज कर सकते हैं।,hi,Water Resources,True
993,हमारी पंचायत में पानी विभाग का कोई अधिकारी फोन नहीं उठाता।,hi,Water Resources,True
994,हमारी पंचायत में यह हाल है कि सोसाइटी की पाइपलाइन में गंदा पानी आता है।,hi,Water Resources,True
995,"पिछले एक महीने से यही समस्या है, पानी की टंकी गंदी होने के बावजूद साफ नहीं की जाती।",hi,Water Resources,True
996,जल जीवन मिशन योजना की शिकायत का अभी तक निवारण नहीं हुआ। कृपया इसे जल्द ठीक करें।,hi,Water Resources,True
997,बार-बार शिकायत के बावजूद पीने के पानी के लिए दूर से पानी लाना पड़ता है।,hi,Water Resources,True
998,"पिछले तीन महीने से यही समस्या है, पानी बिल का ऑनलाइन भुगतान बार-बार फेल हो जाता है।",hi,Water Resources,True
999,हमारे मोहल्ले में बरसात में पानी की टंकी में कीचड़ भर जाता है।,hi,Water Resources,True
1000,हमारे वार्ड में टंकी ओवरफ्लो होकर सड़क पर पानी बहता रहता है।,hi,Water Resources,True
1001,बार-बार शिकायत के बावजूद नए कनेक्शन के लिए पैसे लिए गए पर कनेक्शन नहीं मिला।,hi,Water Resources,True
1002,"हमारे जिले में यह हाल है कि पानी की लाइन में हवा भरी आती है, पानी नहीं।",hi,Water Resources,True
1003,मीटर खराब होने के बावजूद बिल पूरा भेजा जाता है। कृपया इसे जल्द ठीक करें।,hi,Water Resources,True
1004,"मैंने शिकायत दर्ज की कि नए कनेक्शन के लिए पैसे लिए गए पर कनेक्शन नहीं मिला, लेकिन अभी तक कुछ नहीं हुआ।",hi,Water Resources,True
1005,"पीने के पानी के लिए दूर से पानी लाना पड़ता है, फिर भी कोई सुनवाई नहीं होती।",hi,Water Resources,True
1006,"मैंने शिकायत दर्ज की कि पानी की टंकी गंदी होने के बावजूद साफ नहीं की जाती, लेकिन अभी तक कुछ नहीं हुआ।",hi,Water Resources,True
1007,बार-बार शिकायत के बावजूद पानी की गुणवत्ता की जांच कभी नहीं होती।,hi,Water Resources,True
1008,"छह महीने से गांव में सार्वजनिक नल कई महीनों से खराब पड़ा है, कोई कार्रवाई नहीं हुई।",hi,Water Resources,True
1009,हमारी कॉलोनी में यह हाल है कि पाइपलाइन लीक हो रही है पर कोई मरम्मत नहीं करता।,hi,Water Resources,True
1010,हमारे जिले में पानी बिल में गलत रीडिंग दिखाई गई है।,hi,Water Resources,True
1011,"शिकायत करने पर भी टीम मौके पर नहीं आती, फिर भी कोई सुनवाई नहीं होती।",hi,Water Resources,True
1012,"पिछले दो हफ्तों से यही समस्या है, नए कनेक्शन के लिए पैसे लिए गए पर कनेक्शन नहीं मिला।",hi,Water Resources,True
1013,हमारी कॉलोनी में एक ही इलाके में कुछ घरों को पानी मिलता है बाकी को नहीं।,hi,Water Resources,True
1014,"मैंने शिकायत दर्ज की कि पानी की समस्या के लिए बार-बार शिकायत की पर हल नहीं हुआ, लेकिन अभी तक कुछ नहीं हुआ।",hi,Water Resources,True
1015,बार-बार शिकायत के बावजूद मीटर खराब होने के बावजूद बिल पूरा भेजा जाता है।,hi,Water Resources,True
1016,"पानी की लाइन में हवा भरी आती है, पानी नहीं, फिर भी कोई सुनवाई नहीं होती।",hi,Water Resources,True
1017,हमारी पंचायत में यह हाल है कि पानी कनेक्शन के लिए आवेदन महीनों से लंबित है।,hi,Water Resources,True
1018,"teen mahine se water department ka koi officer phone hi nahi uthata, koi action nahi hua.",hinglish,Water Resources,True
1019,CCN register karne par bhi service under maintenance dikhata hai. please isko jaldi fix karo.,hinglish,Water Resources,True
1020,"ek mahine se borewell ka paani peene layak nahi hai, koi action nahi hua.",hinglish,Water Resources,True
1021,"pichle ek mahine se yahi problem hai, paani ki tanki dirty hone ke bawajood clean nahi ki jati.",hinglish,Water Resources,True
1022,"ek hafte se water bill ka online payment baar baar fail ho jata hai, koi action nahi hua.",hinglish,Water Resources,True
1023,"complaint karne par bhi team site par nahi aati, phir bhi koi sunwai nahi hoti.",hinglish,Water Resources,True
1024,"hamari gali mein kai dino se water supply nahi aayi, ispe turant dhyan dene ki zarurat hai.",hinglish,Water Resources,True
1025,hamare gaon mein yeh haal hai ki pipeline leak ho rahi hai par koi repair nahi karta.,hinglish,Water Resources,True
1026,"paani ki quality ki kabhi testing nahi hoti, phir bhi koi sunwai nahi hoti.",hinglish,Water Resources,True
1027,hamare block mein barish mein tanki mein kichad bhar jata hai.,hinglish,Water Resources,True
1028,"Jal Jeevan Mission scheme ki complaint abhi tak resolve nahi hui, phir bhi koi sunwai nahi hoti.",hinglish,Water Resources,True
1029,hamare mohalle mein naya connection ke liye paisa liya gaya par connection nahi mila.,hinglish,Water Resources,True
1030,"ek mahine se pipeline leak ho rahi hai par koi repair nahi karta, koi action nahi hua.",hinglish,Water Resources,True
1031,"complaint register karne ke baad bhi status open hi rehta hai, phir bhi koi sunwai nahi hoti.",hinglish,Water Resources,True
1032,complaint karne par bhi team site par nahi aati. please isko jaldi fix karo.,hinglish,Water Resources,True
1033,hamari panchayat mein water connection ke liye application mahino se pending hai.,hinglish,Water Resources,True
1034,hamari colony mein water bill pay karne ki koshish karo to app crash ho jata hai.,hinglish,Water Resources,True
1035,acha hai ki is app mein paani ki problem ke liye baar baar complaint ki par solve nahi hua jaisi complaint kar sakte hain.,hinglish,Water Resources,True
1036,"garmiyo mein paani ki kami hafto tak bani rehti hai, ispe turant dhyan dene ki zarurat hai.",hinglish,Water Resources,True
1037,"chhe mahine se water supply ka time bina bataye change kar diya gaya, koi action nahi hua.",hinglish,Water Resources,True
1038,"pichle ek mahine se yahi problem hai, barish mein tanki mein kichad bhar jata hai.",hinglish,Water Resources,True
1039,acha hai ki is app mein water bill ka online payment baar baar fail ho jata hai jaisi complaint kar sakte hain.,hinglish,Water Resources,True
1040,baar baar complaint karne ke bawajood peene ke paani ke liye dur se paani lana padta hai.,hinglish,Water Resources,True
1041,"maine complaint ki thi ki bill payment ke liye app baar baar crash ho jata hai, par abhi tak kuch nahi hua.",hinglish,Water Resources,True
1042,baar baar complaint karne ke bawajood water supply ka time bina bataye change kar diya gaya.,hinglish,Water Resources,True
1043,"tanki overflow hoke road par paani behta rehta hai, ispe turant dhyan dene ki zarurat hai.",hinglish,Water Resources,True
1044,"CCN register karne par bhi service under maintenance dikhata hai, phir bhi koi sunwai nahi hoti.",hinglish,Water Resources,True
1045,"maine complaint ki thi ki water department ka koi officer phone hi nahi uthata, par abhi tak kuch nahi hua.",hinglish,Water Resources,True
